week,play_number,home_team,away_team,posteam,PHI_epa
1,1,PHI,GB,GB,-0.50222456
1,2,PHI,GB,GB,0.67173475
1,3,PHI,GB,GB,0.0994399
1,4,PHI,GB,GB,-2.5589213
1,5,PHI,GB,GB,0.14859623
1,6,PHI,GB,GB,0.8795381
1,7,PHI,GB,GB,0.0036476075
1,8,PHI,GB,GB,2.2300153
1,9,PHI,GB,GB,0.5153645
1,10,PHI,GB,GB,-0.593602
1,11,PHI,GB,PHI,-1.5051869
1,12,PHI,GB,PHI,-0.6649677
1,13,PHI,GB,PHI,-2.3895621
1,14,PHI,GB,GB,-0.4452039
1,15,PHI,GB,GB,0.46608946
1,16,PHI,GB,GB,1.1033726
1,17,PHI,GB,GB,0.4755085
1,18,PHI,GB,GB,-0.0024763849
1,19,PHI,GB,GB,-0.1609395
1,20,PHI,GB,PHI,-0.5920805
1,21,PHI,GB,PHI,-0.46905163
1,22,PHI,GB,PHI,-0.51045644
1,23,PHI,GB,PHI,-4.4945493
1,24,PHI,GB,GB,1.1243242
1,25,PHI,GB,GB,-0.2966312
1,26,PHI,GB,GB,-1.1801128
1,27,PHI,GB,GB,2.2305899
1,28,PHI,GB,GB,-2.9592335
1,29,PHI,GB,GB,1.5358219
1,30,PHI,GB,GB,-0.7082759
1,31,PHI,GB,GB,1.0042385
1,32,PHI,GB,GB,1.1695884
1,33,PHI,GB,GB,-0.041309603
1,34,PHI,GB,PHI,0.27462107
1,35,PHI,GB,PHI,-0.1342115
1,36,PHI,GB,PHI,0.3751545
1,37,PHI,GB,PHI,0.8938245
1,38,PHI,GB,PHI,-0.5391979
1,39,PHI,GB,PHI,0.9326541
1,40,PHI,GB,PHI,0.6401547
1,41,PHI,GB,PHI,0.0
1,42,PHI,GB,PHI,-0.5361034
1,43,PHI,GB,PHI,-1.1907908
1,44,PHI,GB,PHI,2.0756285
1,45,PHI,GB,PHI,0.6850227
1,46,PHI,GB,PHI,-0.82498014
1,47,PHI,GB,PHI,2.9783628
1,48,PHI,GB,PHI,0.067573
1,49,PHI,GB,GB,-0.26874644
1,50,PHI,GB,GB,0.5477284
1,51,PHI,GB,GB,-1.5197731
1,52,PHI,GB,GB,-0.08031371
1,53,PHI,GB,GB,-1.5538877
1,54,PHI,GB,GB,-3.380992
1,55,PHI,GB,GB,0.0
1,56,PHI,GB,GB,0.947
1,57,PHI,GB,PHI,0.20876023
1,58,PHI,GB,PHI,-0.61285794
1,59,PHI,GB,PHI,-0.70781446
1,60,PHI,GB,PHI,2.0433815
1,61,PHI,GB,PHI,-0.56916976
1,62,PHI,GB,PHI,2.3570156
1,63,PHI,GB,PHI,0.17512654
1,64,PHI,GB,PHI,0.11176006
1,65,PHI,GB,PHI,0.45480928
1,66,PHI,GB,PHI,2.3371804
1,67,PHI,GB,PHI,0.067573
1,68,PHI,GB,GB,-0.33179107
1,69,PHI,GB,GB,0.49079624
1,70,PHI,GB,GB,0.5990137
1,71,PHI,GB,GB,-6.7650485
1,72,PHI,GB,GB,0.0
1,73,PHI,GB,GB,-0.12208925
1,74,PHI,GB,PHI,-0.10679722
1,75,PHI,GB,PHI,-0.4765523
1,76,PHI,GB,PHI,0.9572122
1,77,PHI,GB,PHI,-0.52999365
1,78,PHI,GB,PHI,-0.57222
1,79,PHI,GB,PHI,1.3810942
1,80,PHI,GB,PHI,-0.45372057
1,81,PHI,GB,PHI,-0.37368226
1,82,PHI,GB,PHI,0.074145354
1,83,PHI,GB,PHI,1.678615
1,84,PHI,GB,PHI,-0.20392253
1,85,PHI,GB,PHI,1.5395631
1,86,PHI,GB,PHI,-1.2371861
1,87,PHI,GB,PHI,-0.4762555
1,88,PHI,GB,PHI,0.18651496
1,89,PHI,GB,PHI,0.4752034
1,90,PHI,GB,PHI,0.36626777
1,91,PHI,GB,PHI,0.25781915
1,92,PHI,GB,PHI,-0.20063089
1,93,PHI,GB,PHI,6.1725893
1,94,PHI,GB,PHI,0.067573
1,95,PHI,GB,GB,-0.29636058
1,96,PHI,GB,GB,0.5454521
1,97,PHI,GB,GB,-0.819912
1,98,PHI,GB,GB,-1.489951
1,99,PHI,GB,GB,-1.916556
1,100,PHI,GB,GB,0.40254164
1,101,PHI,GB,GB,0.7499864
1,102,PHI,GB,GB,-2.5752764
1,103,PHI,GB,GB,-0.7776536
1,104,PHI,GB,GB,-0.067573
1,105,PHI,GB,PHI,0.29694188
1,106,PHI,GB,PHI,-0.55603325
1,107,PHI,GB,PHI,-0.59870017
1,108,PHI,GB,PHI,-1.9036554
1,109,PHI,GB,PHI,1.4250895
1,110,PHI,GB,GB,-0.9136229
1,111,PHI,GB,GB,0.7034734
1,112,PHI,GB,GB,0.6179366
1,113,PHI,GB,GB,0.8056223
1,114,PHI,GB,GB,0.9999764
1,115,PHI,GB,GB,-0.0039256783
1,116,PHI,GB,GB,-0.3944645
1,117,PHI,GB,PHI,0.5234521
1,118,PHI,GB,PHI,-0.7662191
1,119,PHI,GB,PHI,-1.7167729
1,120,PHI,GB,PHI,0.6099191
1,121,PHI,GB,GB,-0.7532052
1,122,PHI,GB,GB,1.5799651
1,123,PHI,GB,GB,3.511124
1,124,PHI,GB,PHI,0.47811037
1,125,PHI,GB,PHI,0.17192863
1,126,PHI,GB,PHI,1.0103703
1,127,PHI,GB,PHI,0.9831247
1,128,PHI,GB,PHI,0.067573
1,129,PHI,GB,GB,-0.29069996
1,130,PHI,GB,GB,-0.83765775
1,131,PHI,GB,GB,0.09294368
1,132,PHI,GB,GB,0.49571922
1,133,PHI,GB,GB,-1.3201126
1,134,PHI,GB,GB,-1.4689767
1,135,PHI,GB,GB,0.46721295
1,136,PHI,GB,GB,0.6067359
1,137,PHI,GB,GB,1.023385
1,138,PHI,GB,GB,3.5229387
1,139,PHI,GB,PHI,2.2310152
1,140,PHI,GB,PHI,0.0
1,141,PHI,GB,PHI,-0.43540776
1,142,PHI,GB,PHI,1.2489026
1,143,PHI,GB,PHI,0.53194934
1,144,PHI,GB,PHI,-0.9896587
1,145,PHI,GB,PHI,-0.76251256
1,146,PHI,GB,PHI,-3.3511245
1,147,PHI,GB,GB,-2.0667143
1,148,PHI,GB,GB,0.6796043
1,149,PHI,GB,GB,0.01901388
1,150,PHI,GB,GB,-2.8246515
1,151,PHI,GB,GB,-0.72623956
1,152,PHI,GB,GB,0.1329904
1,153,PHI,GB,GB,-0.11827898
1,154,PHI,GB,GB,0.80405325
1,155,PHI,GB,GB,1.3120327
1,156,PHI,GB,GB,-0.089243315
1,157,PHI,GB,PHI,0.26242143
1,158,PHI,GB,PHI,-1.0177712
1,159,PHI,GB,PHI,1.1880168
1,160,PHI,GB,PHI,0.7568543
1,161,PHI,GB,PHI,-0.42121488
1,162,PHI,GB,PHI,0.50256836
1,163,PHI,GB,PHI,-0.8485374
1,164,PHI,GB,PHI,-0.66586494
1,165,PHI,GB,PHI,1.9201447
1,166,PHI,GB,PHI,-0.5268192
1,167,PHI,GB,PHI,1.0251492
1,168,PHI,GB,PHI,-0.97935146
1,169,PHI,GB,PHI,1.9705863
1,170,PHI,GB,PHI,-0.66314286
1,171,PHI,GB,PHI,1.488213
1,172,PHI,GB,PHI,-0.42995825
1,173,PHI,GB,PHI,0.22125475
1,174,PHI,GB,PHI,-1.9407979
1,175,PHI,GB,PHI,0.037317123
1,176,PHI,GB,GB,0.11793714
1,177,PHI,GB,GB,-0.5046572
1,178,PHI,GB,GB,0.07096753
1,179,PHI,GB,GB,0.108117804
1,180,PHI,GB,GB,0.3294257
1,181,PHI,GB,GB,NULL
2,1,PHI,ATL,PHI,0.53490925
2,2,PHI,ATL,PHI,0.9604478
2,3,PHI,ATL,PHI,-0.5459852
2,4,PHI,ATL,PHI,-0.5113419
2,5,PHI,ATL,PHI,-0.30254915
2,6,PHI,ATL,PHI,-1.4086196
2,7,PHI,ATL,PHI,0.20687695
2,8,PHI,ATL,ATL,-0.40159106
2,9,PHI,ATL,ATL,-0.47693098
2,10,PHI,ATL,ATL,0.5990314
2,11,PHI,ATL,ATL,-0.1398419
2,12,PHI,ATL,ATL,1.4569576
2,13,PHI,ATL,ATL,0.7272088
2,14,PHI,ATL,PHI,0.7740435
2,15,PHI,ATL,PHI,0.10737342
2,16,PHI,ATL,PHI,0.67673224
2,17,PHI,ATL,PHI,0.11067176
2,18,PHI,ATL,PHI,0.6668127
2,19,PHI,ATL,PHI,0.6514097
2,20,PHI,ATL,PHI,-0.24866594
2,21,PHI,ATL,PHI,-0.43896267
2,22,PHI,ATL,PHI,-1.5467957
2,23,PHI,ATL,PHI,-3.0983949
2,24,PHI,ATL,ATL,0.52268696
2,25,PHI,ATL,ATL,-1.5588522
2,26,PHI,ATL,ATL,0.38462886
2,27,PHI,ATL,ATL,0.2075819
2,28,PHI,ATL,ATL,1.4870152
2,29,PHI,ATL,ATL,0.21193515
2,30,PHI,ATL,PHI,-0.56974256
2,31,PHI,ATL,PHI,-0.1266755
2,32,PHI,ATL,PHI,-1.3604792
2,33,PHI,ATL,PHI,-0.28070477
2,34,PHI,ATL,ATL,-1.2937812
2,35,PHI,ATL,ATL,0.0
2,36,PHI,ATL,ATL,0.20732419
2,37,PHI,ATL,ATL,-1.121803
2,38,PHI,ATL,ATL,-0.98580235
2,39,PHI,ATL,ATL,0.72582686
2,40,PHI,ATL,ATL,0.3996548
2,41,PHI,ATL,ATL,0.8934391
2,42,PHI,ATL,ATL,-0.56914604
2,43,PHI,ATL,PHI,0.2806574
2,44,PHI,ATL,PHI,-0.15709852
2,45,PHI,ATL,PHI,1.4331522
2,46,PHI,ATL,PHI,-0.46354783
2,47,PHI,ATL,PHI,-1.2808046
2,48,PHI,ATL,PHI,-0.3215322
2,49,PHI,ATL,PHI,3.2677789
2,50,PHI,ATL,PHI,-0.91383487
2,51,PHI,ATL,PHI,0.06733457
2,52,PHI,ATL,PHI,2.6635313
2,53,PHI,ATL,PHI,-0.7886546
2,54,PHI,ATL,PHI,-0.21856788
2,55,PHI,ATL,PHI,2.2619107
2,56,PHI,ATL,PHI,0.067573
2,57,PHI,ATL,ATL,0.61803895
2,58,PHI,ATL,ATL,0.31312194
2,59,PHI,ATL,ATL,0.2564947
2,60,PHI,ATL,ATL,-1.5470697
2,61,PHI,ATL,ATL,-0.48633447
2,62,PHI,ATL,ATL,-0.8361851
2,63,PHI,ATL,ATL,-0.2403615
2,64,PHI,ATL,ATL,0.40240446
2,65,PHI,ATL,ATL,-0.665872
2,66,PHI,ATL,ATL,-0.4287832
2,67,PHI,ATL,ATL,-0.98911864
2,68,PHI,ATL,ATL,0.0013692782
2,69,PHI,ATL,ATL,-0.8733054
2,70,PHI,ATL,ATL,-0.5063305
2,71,PHI,ATL,ATL,0.95346105
2,72,PHI,ATL,ATL,1.1556959
2,73,PHI,ATL,ATL,0.66240025
2,74,PHI,ATL,ATL,-0.0425548
2,75,PHI,ATL,PHI,-0.019833036
2,76,PHI,ATL,PHI,0.0
2,77,PHI,ATL,ATL,-0.25781915
2,78,PHI,ATL,ATL,-0.49227175
2,79,PHI,ATL,ATL,-1.3499182
2,80,PHI,ATL,ATL,-0.11259664
2,81,PHI,ATL,ATL,-1.2664216
2,82,PHI,ATL,ATL,-0.70990103
2,83,PHI,ATL,ATL,0.26364627
2,84,PHI,ATL,ATL,0.34616107
2,85,PHI,ATL,ATL,1.6247592
2,86,PHI,ATL,ATL,-0.2754158
2,87,PHI,ATL,PHI,0.3271672
2,88,PHI,ATL,PHI,0.8599598
2,89,PHI,ATL,PHI,0.04431353
2,90,PHI,ATL,PHI,-1.1314574
2,91,PHI,ATL,PHI,1.7141427
2,92,PHI,ATL,PHI,0.6187797
2,93,PHI,ATL,PHI,-0.1263317
2,94,PHI,ATL,PHI,1.5107381
2,95,PHI,ATL,PHI,-0.26535547
2,96,PHI,ATL,PHI,-0.24584262
2,97,PHI,ATL,PHI,-1.702068
2,98,PHI,ATL,PHI,-0.16321662
2,99,PHI,ATL,PHI,0.15296613
2,100,PHI,ATL,ATL,-0.29064715
2,101,PHI,ATL,ATL,-0.8359168
2,102,PHI,ATL,ATL,0.15987025
2,103,PHI,ATL,ATL,0.49141285
2,104,PHI,ATL,ATL,1.2796124
2,105,PHI,ATL,ATL,0.3910259
2,106,PHI,ATL,ATL,-3.4454265
2,107,PHI,ATL,ATL,-3.8599339
2,108,PHI,ATL,ATL,0.947
2,109,PHI,ATL,PHI,0.3157753
2,110,PHI,ATL,PHI,-0.3484878
2,111,PHI,ATL,PHI,-0.7601552
2,112,PHI,ATL,PHI,0.4685596
2,113,PHI,ATL,PHI,0.0
2,114,PHI,ATL,PHI,1.3986586
2,115,PHI,ATL,PHI,-0.4348858
2,116,PHI,ATL,PHI,-0.5810531
2,117,PHI,ATL,PHI,-0.42187774
2,118,PHI,ATL,PHI,2.0062761
2,119,PHI,ATL,PHI,-0.116189644
2,120,PHI,ATL,PHI,0.13257429
2,121,PHI,ATL,PHI,1.4516678
2,122,PHI,ATL,PHI,0.7157012
2,123,PHI,ATL,PHI,-0.21233402
2,124,PHI,ATL,PHI,-0.76295483
2,125,PHI,ATL,PHI,1.0865762
2,126,PHI,ATL,PHI,-0.79233485
2,127,PHI,ATL,PHI,1.872014
2,128,PHI,ATL,PHI,0.6215895
2,129,PHI,ATL,PHI,1.053
2,130,PHI,ATL,ATL,-0.34684867
2,131,PHI,ATL,ATL,0.47099924
2,132,PHI,ATL,ATL,0.63635886
2,133,PHI,ATL,ATL,0.31799597
2,134,PHI,ATL,ATL,3.3666375
2,135,PHI,ATL,PHI,-1.0129846
2,136,PHI,ATL,PHI,-0.56124216
2,137,PHI,ATL,PHI,1.2378421
2,138,PHI,ATL,PHI,0.5944276
2,139,PHI,ATL,PHI,-0.3894905
2,140,PHI,ATL,PHI,0.9770809
2,141,PHI,ATL,PHI,0.0
2,142,PHI,ATL,PHI,0.24019879
2,143,PHI,ATL,PHI,-0.3613902
2,144,PHI,ATL,PHI,-1.0359365
2,145,PHI,ATL,PHI,-0.22774723
2,146,PHI,ATL,PHI,0.11610305
2,147,PHI,ATL,ATL,-0.27077305
2,148,PHI,ATL,ATL,-0.12675099
2,149,PHI,ATL,ATL,-1.2492973
2,150,PHI,ATL,ATL,-1.9199761
2,151,PHI,ATL,ATL,-0.25843555
2,152,PHI,ATL,ATL,0.7674062
2,153,PHI,ATL,ATL,-2.907091
2,154,PHI,ATL,ATL,-0.29792866
2,155,PHI,ATL,PHI,0.06509079
2,156,PHI,ATL,PHI,0.2913528
2,157,PHI,ATL,PHI,-0.7253472
2,158,PHI,ATL,ATL,0.0
2,159,PHI,ATL,ATL,0.0
2,160,PHI,ATL,ATL,NULL
3,1,NO,PHI,NO,-0.31364283
3,2,NO,PHI,NO,0.5857706
3,3,NO,PHI,NO,-0.7260013
3,4,NO,PHI,NO,-0.8779697
3,5,NO,PHI,NO,0.25932825
3,6,NO,PHI,NO,-0.861716
3,7,NO,PHI,NO,0.11517446
3,8,NO,PHI,NO,0.56089735
3,9,NO,PHI,NO,0.76573944
3,10,NO,PHI,NO,-2.3971853
3,11,NO,PHI,NO,0.3336314
3,12,NO,PHI,NO,0.61815697
3,13,NO,PHI,NO,-1.6321545
3,14,NO,PHI,NO,0.16376257
3,15,NO,PHI,NO,0.61028874
3,16,NO,PHI,NO,1.193565
3,17,NO,PHI,NO,0.7110359
3,18,NO,PHI,NO,-0.2673971
3,19,NO,PHI,PHI,0.27540973
3,20,NO,PHI,PHI,-1.1219479
3,21,NO,PHI,PHI,-0.4346378
3,22,NO,PHI,PHI,-2.016052
3,23,NO,PHI,PHI,-0.13576815
3,24,NO,PHI,NO,2.0846157
3,25,NO,PHI,NO,0.8913575
3,26,NO,PHI,NO,0.27934653
3,27,NO,PHI,NO,-0.10737551
3,28,NO,PHI,PHI,1.4803709
3,29,NO,PHI,PHI,2.9020875
3,30,NO,PHI,PHI,-0.49297255
3,31,NO,PHI,PHI,-0.7572169
3,32,NO,PHI,PHI,0.0
3,33,NO,PHI,PHI,-4.899462
3,34,NO,PHI,NO,0.62812144
3,35,NO,PHI,NO,-0.49627224
3,36,NO,PHI,NO,1.776477
3,37,NO,PHI,NO,-0.10411029
3,38,NO,PHI,PHI,-0.5775473
3,39,NO,PHI,PHI,1.4158285
3,40,NO,PHI,PHI,0.2009947
3,41,NO,PHI,PHI,-0.7359891
3,42,NO,PHI,PHI,1.2803295
3,43,NO,PHI,PHI,0.8316347
3,44,NO,PHI,PHI,-1.6649196
3,45,NO,PHI,PHI,-0.53579944
3,46,NO,PHI,PHI,2.302051
3,47,NO,PHI,PHI,-0.40252584
3,48,NO,PHI,PHI,-5.5861955
3,49,NO,PHI,NO,0.016042966
3,50,NO,PHI,NO,-0.22079262
3,51,NO,PHI,NO,-0.43021065
3,52,NO,PHI,NO,1.0855361
3,53,NO,PHI,NO,0.1607788
3,54,NO,PHI,NO,1.7317951
3,55,NO,PHI,NO,0.35725734
3,56,NO,PHI,PHI,-0.44257444
3,57,NO,PHI,PHI,-0.6287482
3,58,NO,PHI,PHI,1.7215978
3,59,NO,PHI,PHI,-0.12525302
3,60,NO,PHI,PHI,-0.89354587
3,61,NO,PHI,PHI,-0.32682502
3,62,NO,PHI,PHI,1.827805
3,63,NO,PHI,PHI,1.336905
3,64,NO,PHI,PHI,-0.30512542
3,65,NO,PHI,PHI,0.3185157
3,66,NO,PHI,PHI,-0.51268786
3,67,NO,PHI,PHI,1.8211999
3,68,NO,PHI,PHI,-0.3683385
3,69,NO,PHI,PHI,-0.09993208
3,70,NO,PHI,PHI,-0.5062031
3,71,NO,PHI,PHI,-2.865397
3,72,NO,PHI,NO,0.0
3,73,NO,PHI,PHI,-0.28563026
3,74,NO,PHI,PHI,0.85222006
3,75,NO,PHI,PHI,-0.23466732
3,76,NO,PHI,PHI,-0.39392468
3,77,NO,PHI,PHI,1.596647
3,78,NO,PHI,PHI,-0.92974585
3,79,NO,PHI,PHI,1.4388661
3,80,NO,PHI,PHI,0.25810063
3,81,NO,PHI,PHI,0.18620986
3,82,NO,PHI,PHI,-1.2649691
3,83,NO,PHI,PHI,-1.0826463
3,84,NO,PHI,PHI,-3.6553953
3,85,NO,PHI,NO,0.5314352
3,86,NO,PHI,NO,0.48156807
3,87,NO,PHI,NO,-1.7164128
3,88,NO,PHI,NO,0.20442824
3,89,NO,PHI,NO,0.24832365
3,90,NO,PHI,NO,2.100655
3,91,NO,PHI,NO,1.0304344
3,92,NO,PHI,PHI,0.7333439
3,93,NO,PHI,PHI,-0.90213376
3,94,NO,PHI,PHI,0.9780689
3,95,NO,PHI,PHI,1.384127
3,96,NO,PHI,PHI,0.4906006
3,97,NO,PHI,PHI,-0.7875999
3,98,NO,PHI,PHI,-0.9403002
3,99,NO,PHI,PHI,-1.7172898
3,100,NO,PHI,PHI,-4.1437726
3,101,NO,PHI,NO,0.13384317
3,102,NO,PHI,NO,-0.36027917
3,103,NO,PHI,NO,1.1052924
3,104,NO,PHI,NO,0.0
3,105,NO,PHI,NO,4.307536
3,106,NO,PHI,PHI,0.10374621
3,107,NO,PHI,PHI,0.66847
3,108,NO,PHI,PHI,-0.07164376
3,109,NO,PHI,PHI,5.6442423
3,110,NO,PHI,PHI,0.051171567
3,111,NO,PHI,NO,-0.24717094
3,112,NO,PHI,NO,0.32976902
3,113,NO,PHI,NO,-1.4202129
3,114,NO,PHI,NO,0.63415027
3,115,NO,PHI,NO,-2.356792
3,116,NO,PHI,NO,0.9261334
3,117,NO,PHI,NO,0.65714335
3,118,NO,PHI,NO,0.50839156
3,119,NO,PHI,NO,-0.5291415
3,120,NO,PHI,PHI,-0.19824013
3,121,NO,PHI,PHI,-0.61439544
3,122,NO,PHI,PHI,-0.11820927
3,123,NO,PHI,PHI,2.8143106
3,124,NO,PHI,PHI,-0.41295376
3,125,NO,PHI,PHI,-1.3356663
3,126,NO,PHI,PHI,-1.818695
3,127,NO,PHI,PHI,-2.5843241
3,128,NO,PHI,NO,0.13071495
3,129,NO,PHI,NO,0.31418565
3,130,NO,PHI,NO,-0.057978734
3,131,NO,PHI,NO,0.5686594
3,132,NO,PHI,NO,-2.4028742
3,133,NO,PHI,NO,0.20373105
3,134,NO,PHI,NO,-1.0159378
3,135,NO,PHI,NO,0.71911436
3,136,NO,PHI,NO,-2.7642357
3,137,NO,PHI,NO,0.947
3,138,NO,PHI,PHI,0.25315174
3,139,NO,PHI,PHI,-0.06873764
3,140,NO,PHI,PHI,0.5620918
3,141,NO,PHI,PHI,-1.1867744
3,142,NO,PHI,PHI,-0.35268387
3,143,NO,PHI,PHI,5.440159
3,144,NO,PHI,PHI,1.1925985
3,145,NO,PHI,PHI,1.053
3,146,NO,PHI,NO,-0.09502828
3,147,NO,PHI,NO,-0.03493286
3,148,NO,PHI,NO,1.0327374
3,149,NO,PHI,PHI,0.0
3,150,NO,PHI,PHI,0.0
3,151,NO,PHI,PHI,0.0
3,152,NO,PHI,PHI,NULL
4,1,TB,PHI,TB,0.47256723
4,2,TB,PHI,TB,-0.91096056
4,3,TB,PHI,TB,-0.984385
4,4,TB,PHI,TB,0.2896568
4,5,TB,PHI,TB,-0.35991564
4,6,TB,PHI,TB,-0.80541646
4,7,TB,PHI,TB,0.5657325
4,8,TB,PHI,TB,-0.3299524
4,9,TB,PHI,TB,-2.0452569
4,10,TB,PHI,TB,-0.4722637
4,11,TB,PHI,TB,-0.945708
4,12,TB,PHI,TB,-0.067573
4,13,TB,PHI,PHI,0.28925407
4,14,TB,PHI,PHI,-0.5528754
4,15,TB,PHI,PHI,-0.7541082
4,16,TB,PHI,PHI,-0.6696981
4,17,TB,PHI,PHI,-0.42390063
4,18,TB,PHI,PHI,0.30638883
4,19,TB,PHI,TB,-1.2389482
4,20,TB,PHI,TB,-1.6469076
4,21,TB,PHI,TB,-1.0555583
4,22,TB,PHI,TB,0.10009389
4,23,TB,PHI,TB,-2.2186673
4,24,TB,PHI,TB,-0.067573
4,25,TB,PHI,PHI,0.292545
4,26,TB,PHI,PHI,-0.54067945
4,27,TB,PHI,PHI,-0.48064747
4,28,TB,PHI,PHI,-2.2775435
4,29,TB,PHI,PHI,0.63894594
4,30,TB,PHI,TB,-0.7092528
4,31,TB,PHI,TB,-0.45030445
4,32,TB,PHI,TB,0.024343077
4,33,TB,PHI,TB,2.4528954
4,34,TB,PHI,TB,1.0588937
4,35,TB,PHI,TB,-5.5146284
4,36,TB,PHI,TB,-0.9015387
4,37,TB,PHI,TB,-0.2206681
4,38,TB,PHI,TB,0.0
4,39,TB,PHI,TB,-0.04323726
4,40,TB,PHI,TB,1.1274706
4,41,TB,PHI,TB,-2.3302746
4,42,TB,PHI,TB,-0.067573
4,43,TB,PHI,PHI,0.28576788
4,44,TB,PHI,PHI,-0.52365327
4,45,TB,PHI,PHI,-0.7319786
4,46,TB,PHI,PHI,-1.2744731
4,47,TB,PHI,PHI,0.54034936
4,48,TB,PHI,TB,0.32141578
4,49,TB,PHI,TB,0.7632903
4,50,TB,PHI,TB,-2.3545759
4,51,TB,PHI,TB,-0.88453317
4,52,TB,PHI,TB,-0.6775541
4,53,TB,PHI,TB,0.3080655
4,54,TB,PHI,TB,-1.3615535
4,55,TB,PHI,TB,0.7969974
4,56,TB,PHI,TB,0.030888876
4,57,TB,PHI,TB,-1.8753225
4,58,TB,PHI,TB,-0.10341911
4,59,TB,PHI,TB,0.99299616
4,60,TB,PHI,TB,1.6478446
4,61,TB,PHI,TB,-0.037071537
4,62,TB,PHI,PHI,0.28644177
4,63,TB,PHI,PHI,-0.15835929
4,64,TB,PHI,PHI,-0.6120314
4,65,TB,PHI,PHI,1.3800808
4,66,TB,PHI,PHI,0.4519952
4,67,TB,PHI,PHI,0.5058491
4,68,TB,PHI,PHI,0.10794811
4,69,TB,PHI,PHI,-0.089671575
4,70,TB,PHI,PHI,0.5235786
4,71,TB,PHI,PHI,0.6233087
4,72,TB,PHI,PHI,1.2308162
4,73,TB,PHI,PHI,0.67100567
4,74,TB,PHI,PHI,-1.2500079
4,75,TB,PHI,PHI,-0.483074
4,76,TB,PHI,PHI,2.5594337
4,77,TB,PHI,PHI,0.067573
4,78,TB,PHI,TB,-0.2910496
4,79,TB,PHI,TB,-0.7199709
4,80,TB,PHI,TB,0.28975427
4,81,TB,PHI,TB,0.43829626
4,82,TB,PHI,TB,0.8131859
4,83,TB,PHI,TB,0.6450008
4,84,TB,PHI,PHI,-0.11992318
4,85,TB,PHI,PHI,-0.19885945
4,86,TB,PHI,PHI,-0.4383156
4,87,TB,PHI,PHI,-0.3510841
4,88,TB,PHI,TB,0.23733108
4,89,TB,PHI,TB,-0.6906931
4,90,TB,PHI,TB,0.22962803
4,91,TB,PHI,TB,0.28347686
4,92,TB,PHI,TB,0.41698578
4,93,TB,PHI,TB,0.18695161
4,94,TB,PHI,PHI,0.0
4,95,TB,PHI,PHI,0.25781915
4,96,TB,PHI,PHI,3.9436224
4,97,TB,PHI,PHI,1.0883139
4,98,TB,PHI,PHI,-0.5474538
4,99,TB,PHI,PHI,0.88166076
4,100,TB,PHI,PHI,0.6058151
4,101,TB,PHI,PHI,0.067573
4,102,TB,PHI,TB,-0.33186525
4,103,TB,PHI,TB,0.28304794
4,104,TB,PHI,TB,0.7802896
4,105,TB,PHI,TB,-1.9116876
4,106,TB,PHI,TB,0.8337844
4,107,TB,PHI,TB,0.92959344
4,108,TB,PHI,TB,-2.4589407
4,109,TB,PHI,TB,-0.53911996
4,110,TB,PHI,TB,-0.4899636
4,111,TB,PHI,TB,-1.302683
4,112,TB,PHI,TB,-0.39074534
4,113,TB,PHI,TB,0.122078754
4,114,TB,PHI,TB,-1.0779986
4,115,TB,PHI,TB,2.932427
4,116,TB,PHI,PHI,0.12013176
4,117,TB,PHI,PHI,-0.0877351
4,118,TB,PHI,PHI,2.1491327
4,119,TB,PHI,PHI,-0.28421742
4,120,TB,PHI,PHI,0.47175646
4,121,TB,PHI,PHI,0.59246355
4,122,TB,PHI,PHI,0.6076402
4,123,TB,PHI,PHI,0.16735189
4,124,TB,PHI,PHI,-5.6573606
4,125,TB,PHI,TB,0.5408011
4,126,TB,PHI,TB,-2.6084015
4,127,TB,PHI,TB,1.0124874
4,128,TB,PHI,TB,1.1147302
4,129,TB,PHI,TB,-2.0660896
4,130,TB,PHI,TB,0.0
4,131,TB,PHI,TB,-0.81039286
4,132,TB,PHI,TB,0.41067603
4,133,TB,PHI,TB,1.361243
4,134,TB,PHI,TB,0.052903518
4,135,TB,PHI,TB,1.0958432
4,136,TB,PHI,TB,-2.0360942
4,137,TB,PHI,PHI,-0.3927037
4,138,TB,PHI,PHI,0.110697694
4,139,TB,PHI,PHI,0.5844467
4,140,TB,PHI,PHI,1.5687873
4,141,TB,PHI,PHI,-0.49546278
4,142,TB,PHI,PHI,-1.6774644
4,143,TB,PHI,PHI,-0.7239001
4,144,TB,PHI,PHI,-0.667931
4,145,TB,PHI,PHI,-0.10577944
4,146,TB,PHI,TB,-0.8170727
4,147,TB,PHI,TB,0.07046507
4,148,TB,PHI,TB,0.6604146
4,149,TB,PHI,TB,1.4016061
4,150,TB,PHI,TB,0.4194264
4,151,TB,PHI,PHI,-0.4708136
4,152,TB,PHI,PHI,0.24359052
4,153,TB,PHI,PHI,1.2245867
4,154,TB,PHI,PHI,-0.47723153
4,155,TB,PHI,PHI,-0.2855497
4,156,TB,PHI,PHI,1.4663941
4,157,TB,PHI,PHI,-1.2905413
4,158,TB,PHI,PHI,-0.7961237
4,159,TB,PHI,PHI,-0.80174816
4,160,TB,PHI,PHI,-2.6860135
4,161,TB,PHI,TB,-0.16025476
4,162,TB,PHI,TB,-0.4073897
4,163,TB,PHI,TB,0.3075381
4,164,TB,PHI,TB,0.09167421
4,165,TB,PHI,TB,-1.0915676
4,166,TB,PHI,TB,4.205408
4,167,TB,PHI,TB,NULL
6,1,PHI,CLE,PHI,0.038893644
6,2,PHI,CLE,PHI,0.046101958
6,3,PHI,CLE,PHI,-0.8482548
6,4,PHI,CLE,PHI,-1.4855607
6,5,PHI,CLE,PHI,-0.57048106
6,6,PHI,CLE,CLE,0.19881962
6,7,PHI,CLE,CLE,0.6155728
6,8,PHI,CLE,CLE,1.5349197
6,9,PHI,CLE,CLE,0.8766283
6,10,PHI,CLE,PHI,-0.61384284
6,11,PHI,CLE,PHI,0.8216879
6,12,PHI,CLE,PHI,-1.7762005
6,13,PHI,CLE,PHI,2.3096209
6,14,PHI,CLE,PHI,-0.17343861
6,15,PHI,CLE,PHI,-0.89556044
6,16,PHI,CLE,PHI,-1.583707
6,17,PHI,CLE,PHI,-0.18247811
6,18,PHI,CLE,CLE,0.59846246
6,19,PHI,CLE,CLE,-1.3580927
6,20,PHI,CLE,CLE,0.077126384
6,21,PHI,CLE,CLE,-0.7367906
6,22,PHI,CLE,CLE,0.557219
6,23,PHI,CLE,CLE,-1.4471099
6,24,PHI,CLE,CLE,-0.029502809
6,25,PHI,CLE,CLE,0.5402163
6,26,PHI,CLE,CLE,2.1810272
6,27,PHI,CLE,CLE,0.9291426
6,28,PHI,CLE,CLE,-0.70693004
6,29,PHI,CLE,PHI,0.4871467
6,30,PHI,CLE,PHI,-0.36629823
6,31,PHI,CLE,PHI,0.4211873
6,32,PHI,CLE,PHI,1.0129142
6,33,PHI,CLE,PHI,0.6839843
6,34,PHI,CLE,PHI,-0.42774987
6,35,PHI,CLE,PHI,0.38125435
6,36,PHI,CLE,PHI,-0.44606426
6,37,PHI,CLE,PHI,0.17987402
6,38,PHI,CLE,PHI,0.0
6,39,PHI,CLE,PHI,1.2683024
6,40,PHI,CLE,PHI,-0.33647946
6,41,PHI,CLE,PHI,-0.12457326
6,42,PHI,CLE,PHI,-1.7518145
6,43,PHI,CLE,PHI,1.6267297
6,44,PHI,CLE,CLE,-0.25334394
6,45,PHI,CLE,CLE,0.48981827
6,46,PHI,CLE,CLE,0.71457607
6,47,PHI,CLE,CLE,1.221454
6,48,PHI,CLE,CLE,-0.56541055
6,49,PHI,CLE,PHI,2.1486151
6,50,PHI,CLE,PHI,-0.77739805
6,51,PHI,CLE,PHI,1.6571082
6,52,PHI,CLE,PHI,-0.15574758
6,53,PHI,CLE,PHI,0.06610395
6,54,PHI,CLE,PHI,-0.94999427
6,55,PHI,CLE,PHI,1.5848757
6,56,PHI,CLE,PHI,-0.11103776
6,57,PHI,CLE,PHI,-0.5868689
6,58,PHI,CLE,PHI,3.499405
6,59,PHI,CLE,PHI,0.067573
6,60,PHI,CLE,CLE,-0.27983895
6,61,PHI,CLE,CLE,-0.72189933
6,62,PHI,CLE,CLE,0.2670053
6,63,PHI,CLE,CLE,-1.4262849
6,64,PHI,CLE,CLE,0.46118286
6,65,PHI,CLE,CLE,-0.07157728
6,66,PHI,CLE,CLE,1.5934751
6,67,PHI,CLE,CLE,0.1358894
6,68,PHI,CLE,CLE,-3.0900366
6,69,PHI,CLE,CLE,0.4676666
6,70,PHI,CLE,CLE,0.9177786
6,71,PHI,CLE,CLE,0.7358042
6,72,PHI,CLE,CLE,-0.8666151
6,73,PHI,CLE,PHI,-0.0015334162
6,74,PHI,CLE,PHI,-0.3546234
6,75,PHI,CLE,PHI,1.3866534
6,76,PHI,CLE,PHI,0.7577268
6,77,PHI,CLE,PHI,0.56004804
6,78,PHI,CLE,PHI,-0.27378848
6,79,PHI,CLE,PHI,-2.0727005
6,80,PHI,CLE,PHI,-7.9172363
6,81,PHI,CLE,CLE,-0.067573
6,82,PHI,CLE,PHI,-0.06736274
6,83,PHI,CLE,PHI,0.0
6,84,PHI,CLE,CLE,-0.25781915
6,85,PHI,CLE,CLE,0.4429887
6,86,PHI,CLE,CLE,-1.330496
6,87,PHI,CLE,CLE,-0.4289067
6,88,PHI,CLE,CLE,-1.0291243
6,89,PHI,CLE,CLE,-0.3342522
6,90,PHI,CLE,CLE,0.21893558
6,91,PHI,CLE,CLE,2.4089463
6,92,PHI,CLE,CLE,3.5871005
6,93,PHI,CLE,PHI,-1.0475323
6,94,PHI,CLE,PHI,-0.9676895
6,95,PHI,CLE,PHI,-0.60294205
6,96,PHI,CLE,PHI,0.442563
6,97,PHI,CLE,CLE,1.310518
6,98,PHI,CLE,CLE,0.40367863
6,99,PHI,CLE,CLE,0.65065193
6,100,PHI,CLE,CLE,0.15817216
6,101,PHI,CLE,PHI,0.7521188
6,102,PHI,CLE,PHI,-1.0571318
6,103,PHI,CLE,PHI,2.1668959
6,104,PHI,CLE,PHI,-0.43205085
6,105,PHI,CLE,PHI,-0.792315
6,106,PHI,CLE,PHI,0.15155092
6,107,PHI,CLE,PHI,-0.77710074
6,108,PHI,CLE,PHI,-0.94473773
6,109,PHI,CLE,PHI,1.0782003
6,110,PHI,CLE,CLE,-0.29245466
6,111,PHI,CLE,CLE,0.68663913
6,112,PHI,CLE,CLE,0.13122612
6,113,PHI,CLE,CLE,0.39535204
6,114,PHI,CLE,CLE,-2.6392865
6,115,PHI,CLE,CLE,0.13094817
6,116,PHI,CLE,CLE,0.0
6,117,PHI,CLE,CLE,0.3562308
6,118,PHI,CLE,CLE,-1.12551
6,119,PHI,CLE,CLE,-0.4847946
6,120,PHI,CLE,CLE,-0.2904504
6,121,PHI,CLE,CLE,0.23382767
6,122,PHI,CLE,CLE,0.35973483
6,123,PHI,CLE,CLE,1.4795476
6,124,PHI,CLE,CLE,0.47335452
6,125,PHI,CLE,CLE,-1.5545772
6,126,PHI,CLE,PHI,0.23897283
6,127,PHI,CLE,PHI,0.23548748
6,128,PHI,CLE,PHI,0.49932453
6,129,PHI,CLE,PHI,0.66086257
6,130,PHI,CLE,PHI,4.117686
6,131,PHI,CLE,PHI,0.067573
6,132,PHI,CLE,CLE,-0.24074288
6,133,PHI,CLE,CLE,-2.1184633
6,134,PHI,CLE,CLE,-0.93348056
6,135,PHI,CLE,CLE,1.4803451
6,136,PHI,CLE,CLE,0.10639854
6,137,PHI,CLE,CLE,-0.52733433
6,138,PHI,CLE,CLE,-1.8643291
6,139,PHI,CLE,CLE,0.019749349
6,140,PHI,CLE,CLE,0.5782124
6,141,PHI,CLE,CLE,0.81527853
6,142,PHI,CLE,CLE,1.0481563
6,143,PHI,CLE,CLE,-0.052650157
6,144,PHI,CLE,CLE,-0.18923353
6,145,PHI,CLE,PHI,-0.13406502
6,146,PHI,CLE,PHI,-0.21500304
6,147,PHI,CLE,PHI,0.33657086
6,148,PHI,CLE,PHI,0.42327368
6,149,PHI,CLE,PHI,-0.3675286
6,150,PHI,CLE,PHI,0.8548359
6,151,PHI,CLE,PHI,-0.43010873
6,152,PHI,CLE,PHI,2.2845802
6,153,PHI,CLE,PHI,-0.74698937
6,154,PHI,CLE,PHI,-0.4309418
6,155,PHI,CLE,PHI,-2.4827871
6,156,PHI,CLE,PHI,NULL
7,1,NYG,PHI,NYG,-0.5623558
7,2,NYG,PHI,NYG,-0.9340705
7,3,NYG,PHI,NYG,0.52296704
7,4,NYG,PHI,NYG,-0.05126648
7,5,NYG,PHI,NYG,1.8169384
7,6,NYG,PHI,NYG,0.91076946
7,7,NYG,PHI,PHI,0.7591198
7,8,NYG,PHI,PHI,-0.59145606
7,9,NYG,PHI,PHI,-1.5695109
7,10,NYG,PHI,PHI,0.08736831
7,11,NYG,PHI,PHI,0.13186014
7,12,NYG,PHI,NYG,-0.824907
7,13,NYG,PHI,NYG,0.826903
7,14,NYG,PHI,NYG,0.17324308
7,15,NYG,PHI,NYG,2.260851
7,16,NYG,PHI,NYG,-0.06449915
7,17,NYG,PHI,PHI,0.103299156
7,18,NYG,PHI,PHI,-0.8757736
7,19,NYG,PHI,PHI,-0.55609345
7,20,NYG,PHI,PHI,-2.004213
7,21,NYG,PHI,PHI,-0.30711862
7,22,NYG,PHI,NYG,0.1382535
7,23,NYG,PHI,NYG,0.31375575
7,24,NYG,PHI,NYG,2.628457
7,25,NYG,PHI,NYG,0.24705505
7,26,NYG,PHI,NYG,-1.102714
7,27,NYG,PHI,PHI,0.9122786
7,28,NYG,PHI,PHI,-0.22802727
7,29,NYG,PHI,PHI,0.93245345
7,30,NYG,PHI,PHI,-0.28358975
7,31,NYG,PHI,PHI,1.1330739
7,32,NYG,PHI,PHI,-0.31615654
7,33,NYG,PHI,PHI,-1.0653117
7,34,NYG,PHI,PHI,-2.170949
7,35,NYG,PHI,PHI,0.35813907
7,36,NYG,PHI,NYG,-0.82746625
7,37,NYG,PHI,NYG,0.0
7,38,NYG,PHI,NYG,0.5637781
7,39,NYG,PHI,NYG,-1.1007727
7,40,NYG,PHI,NYG,1.418867
7,41,NYG,PHI,NYG,0.6434356
7,42,NYG,PHI,NYG,-0.33148566
7,43,NYG,PHI,NYG,0.98510057
7,44,NYG,PHI,NYG,0.41020414
7,45,NYG,PHI,PHI,-0.5258508
7,46,NYG,PHI,PHI,4.026595
7,47,NYG,PHI,PHI,0.79903156
7,48,NYG,PHI,PHI,0.2503535
7,49,NYG,PHI,PHI,1.413535
7,50,NYG,PHI,PHI,0.067573
7,51,NYG,PHI,NYG,-0.22604527
7,52,NYG,PHI,NYG,0.20480277
7,53,NYG,PHI,NYG,0.46032074
7,54,NYG,PHI,NYG,0.72059554
7,55,NYG,PHI,NYG,1.6886616
7,56,NYG,PHI,NYG,0.47134617
7,57,NYG,PHI,PHI,-0.82409525
7,58,NYG,PHI,PHI,1.4304328
7,59,NYG,PHI,PHI,-0.37866852
7,60,NYG,PHI,PHI,0.13340499
7,61,NYG,PHI,PHI,-1.721111
7,62,NYG,PHI,PHI,6.249056
7,63,NYG,PHI,PHI,0.067573
7,64,NYG,PHI,NYG,-0.41696212
7,65,NYG,PHI,NYG,1.2105612
7,66,NYG,PHI,NYG,0.49924454
7,67,NYG,PHI,NYG,0.84334403
7,68,NYG,PHI,NYG,-0.21341516
7,69,NYG,PHI,PHI,-0.70005727
7,70,NYG,PHI,PHI,-0.39026523
7,71,NYG,PHI,PHI,-1.2924527
7,72,NYG,PHI,PHI,-0.21664551
7,73,NYG,PHI,NYG,0.073952705
7,74,NYG,PHI,NYG,0.10501422
7,75,NYG,PHI,NYG,-0.84458655
7,76,NYG,PHI,NYG,0.43176308
7,77,NYG,PHI,NYG,-0.6176387
7,78,NYG,PHI,NYG,-0.20334771
7,79,NYG,PHI,NYG,-0.7587747
7,80,NYG,PHI,NYG,-0.5400767
7,81,NYG,PHI,NYG,0.31179747
7,82,NYG,PHI,NYG,0.2804898
7,83,NYG,PHI,NYG,0.7223075
7,84,NYG,PHI,NYG,-0.36877927
7,85,NYG,PHI,PHI,-0.019572072
7,86,NYG,PHI,PHI,0.0
7,87,NYG,PHI,PHI,0.25781915
7,88,NYG,PHI,PHI,-0.44323915
7,89,NYG,PHI,PHI,-0.3993946
7,90,NYG,PHI,PHI,-1.3729051
7,91,NYG,PHI,PHI,0.13592264
7,92,NYG,PHI,NYG,0.25844446
7,93,NYG,PHI,NYG,0.14391309
7,94,NYG,PHI,NYG,1.6209025
7,95,NYG,PHI,NYG,-0.38126853
7,96,NYG,PHI,PHI,1.0728235
7,97,NYG,PHI,PHI,0.3468867
7,98,NYG,PHI,PHI,0.4305278
7,99,NYG,PHI,PHI,2.522306
7,100,NYG,PHI,PHI,0.22923274
7,101,NYG,PHI,PHI,-0.42747775
7,102,NYG,PHI,PHI,-1.7000668
7,103,NYG,PHI,PHI,3.3274722
7,104,NYG,PHI,PHI,-0.25453773
7,105,NYG,PHI,PHI,0.000842784
7,106,NYG,PHI,PHI,0.8615737
7,107,NYG,PHI,PHI,0.067573
7,108,NYG,PHI,NYG,-0.3274262
7,109,NYG,PHI,NYG,-0.55496836
7,110,NYG,PHI,NYG,-0.33760846
7,111,NYG,PHI,NYG,0.23138253
7,112,NYG,PHI,NYG,-0.4151896
7,113,NYG,PHI,NYG,-0.47284722
7,114,NYG,PHI,NYG,1.2799532
7,115,NYG,PHI,NYG,-0.19592015
7,116,NYG,PHI,NYG,2.4163666
7,117,NYG,PHI,NYG,-0.50292814
7,118,NYG,PHI,PHI,2.7484467
7,119,NYG,PHI,PHI,0.9493718
7,120,NYG,PHI,PHI,-0.4520327
7,121,NYG,PHI,PHI,-0.63421303
7,122,NYG,PHI,PHI,0.0
7,123,NYG,PHI,PHI,2.3849955
7,124,NYG,PHI,PHI,0.9843834
7,125,NYG,PHI,PHI,0.127512
7,126,NYG,PHI,PHI,-0.17051898
7,127,NYG,PHI,PHI,-1.3546299
7,128,NYG,PHI,PHI,2.701938
7,129,NYG,PHI,PHI,0.067573
7,130,NYG,PHI,NYG,-0.28875113
7,131,NYG,PHI,NYG,0.756182
7,132,NYG,PHI,NYG,0.77900064
7,133,NYG,PHI,NYG,1.0498327
7,134,NYG,PHI,NYG,0.34527722
7,135,NYG,PHI,PHI,-0.33151543
7,136,NYG,PHI,PHI,-0.64413863
7,137,NYG,PHI,PHI,-1.0988472
7,138,NYG,PHI,PHI,0.05384879
7,139,NYG,PHI,NYG,0.5457057
7,140,NYG,PHI,NYG,-1.2920527
7,141,NYG,PHI,NYG,0.30568308
7,142,NYG,PHI,NYG,-0.083863616
7,143,NYG,PHI,NYG,2.1555436
7,144,NYG,PHI,NYG,-0.84802806
7,145,NYG,PHI,PHI,-0.38856032
7,146,NYG,PHI,PHI,-0.56337124
7,147,NYG,PHI,PHI,-0.14056194
7,148,NYG,PHI,PHI,-0.38049403
7,149,NYG,PHI,NYG,0.58793616
7,150,NYG,PHI,NYG,0.53508586
7,151,NYG,PHI,NYG,0.9941036
7,152,NYG,PHI,NYG,-0.5210198
7,153,NYG,PHI,PHI,-0.2709362
7,154,NYG,PHI,PHI,-0.1299218
7,155,NYG,PHI,PHI,-0.6738146
7,156,NYG,PHI,PHI,1.9548266
7,157,NYG,PHI,PHI,-0.42771146
7,158,NYG,PHI,PHI,-0.5769726
7,159,NYG,PHI,PHI,-0.14607072
7,160,NYG,PHI,PHI,-0.10742761
7,161,NYG,PHI,NYG,0.29142275
7,162,NYG,PHI,NYG,NULL
8,1,CIN,PHI,CIN,-0.31463298
8,2,CIN,PHI,CIN,0.2504181
8,3,CIN,PHI,CIN,-0.5896971
8,4,CIN,PHI,CIN,-0.80564046
8,5,CIN,PHI,CIN,1.112569
8,6,CIN,PHI,CIN,0.29968792
8,7,CIN,PHI,CIN,-2.1208649
8,8,CIN,PHI,CIN,0.5527172
8,9,CIN,PHI,CIN,0.45988396
8,10,CIN,PHI,CIN,-1.7812717
8,11,CIN,PHI,CIN,-0.26629004
8,12,CIN,PHI,CIN,0.3587308
8,13,CIN,PHI,CIN,-0.7382648
8,14,CIN,PHI,CIN,0.4612879
8,15,CIN,PHI,CIN,0.45679528
8,16,CIN,PHI,CIN,-2.0970755
8,17,CIN,PHI,CIN,0.21472554
8,18,CIN,PHI,CIN,-0.9789803
8,19,CIN,PHI,CIN,-0.067573
8,20,CIN,PHI,PHI,0.099129215
8,21,CIN,PHI,PHI,0.35355887
8,22,CIN,PHI,PHI,0.53442514
8,23,CIN,PHI,PHI,-0.348238
8,24,CIN,PHI,PHI,2.5408282
8,25,CIN,PHI,PHI,0.27152163
8,26,CIN,PHI,PHI,0.4565328
8,27,CIN,PHI,PHI,-0.86208797
8,28,CIN,PHI,PHI,-0.80414593
8,29,CIN,PHI,PHI,0.0
8,30,CIN,PHI,PHI,-0.18847953
8,31,CIN,PHI,PHI,-0.49393684
8,32,CIN,PHI,PHI,0.56820303
8,33,CIN,PHI,CIN,-0.2912538
8,34,CIN,PHI,CIN,-1.6647813
8,35,CIN,PHI,CIN,1.4954934
8,36,CIN,PHI,CIN,0.9747592
8,37,CIN,PHI,CIN,-3.2183754
8,38,CIN,PHI,CIN,0.14290333
8,39,CIN,PHI,CIN,0.6516652
8,40,CIN,PHI,CIN,-1.7240078
8,41,CIN,PHI,CIN,-0.06890572
8,42,CIN,PHI,CIN,0.5380977
8,43,CIN,PHI,CIN,1.4823788
8,44,CIN,PHI,CIN,-0.10807017
8,45,CIN,PHI,PHI,0.19191837
8,46,CIN,PHI,PHI,-0.51563466
8,47,CIN,PHI,PHI,-0.69235635
8,48,CIN,PHI,PHI,-0.10587635
8,49,CIN,PHI,PHI,2.049832
8,50,CIN,PHI,PHI,-0.015396967
8,51,CIN,PHI,PHI,-0.16792013
8,52,CIN,PHI,PHI,-1.7586769
8,53,CIN,PHI,PHI,-0.6873767
8,54,CIN,PHI,CIN,0.4897493
8,55,CIN,PHI,CIN,-3.1825697
8,56,CIN,PHI,CIN,0.24280813
8,57,CIN,PHI,CIN,0.6459258
8,58,CIN,PHI,CIN,1.7180989
8,59,CIN,PHI,CIN,2.8937263
8,60,CIN,PHI,PHI,0.37511536
8,61,CIN,PHI,PHI,-0.20528407
8,62,CIN,PHI,PHI,0.3062496
8,63,CIN,PHI,PHI,0.96619743
8,64,CIN,PHI,PHI,-0.041780654
8,65,CIN,PHI,PHI,-0.6256516
8,66,CIN,PHI,PHI,-0.8340654
8,67,CIN,PHI,PHI,2.3882976
8,68,CIN,PHI,PHI,1.0459898
8,69,CIN,PHI,PHI,-1.4080387
8,70,CIN,PHI,PHI,1.277988
8,71,CIN,PHI,PHI,0.03354619
8,72,CIN,PHI,PHI,-0.73856974
8,73,CIN,PHI,PHI,2.3143032
8,74,CIN,PHI,PHI,0.067573
8,75,CIN,PHI,CIN,0.002494786
8,76,CIN,PHI,CIN,0.107311815
8,77,CIN,PHI,CIN,0.0
8,78,CIN,PHI,PHI,0.31039086
8,79,CIN,PHI,PHI,-0.25403088
8,80,CIN,PHI,PHI,-0.5862399
8,81,CIN,PHI,PHI,2.33905
8,82,CIN,PHI,PHI,1.9675145
8,83,CIN,PHI,PHI,-0.4928825
8,84,CIN,PHI,PHI,0.12008551
8,85,CIN,PHI,PHI,1.250795
8,86,CIN,PHI,PHI,1.575095
8,87,CIN,PHI,PHI,0.067573
8,88,CIN,PHI,CIN,-0.32773167
8,89,CIN,PHI,CIN,0.2098328
8,90,CIN,PHI,CIN,0.7908141
8,91,CIN,PHI,CIN,-1.6479043
8,92,CIN,PHI,CIN,0.33112016
8,93,CIN,PHI,CIN,0.8422406
8,94,CIN,PHI,CIN,-1.8201846
8,95,CIN,PHI,CIN,0.18856168
8,96,CIN,PHI,CIN,-0.97322005
8,97,CIN,PHI,CIN,-0.8968404
8,98,CIN,PHI,CIN,0.30834314
8,99,CIN,PHI,CIN,-1.1211382
8,100,CIN,PHI,CIN,-0.12578182
8,101,CIN,PHI,CIN,-1.3294905
8,102,CIN,PHI,CIN,-0.067573
8,103,CIN,PHI,PHI,0.29576442
8,104,CIN,PHI,PHI,1.5665594
8,105,CIN,PHI,PHI,-0.4487647
8,106,CIN,PHI,PHI,4.710723
8,107,CIN,PHI,PHI,0.067573
8,108,CIN,PHI,CIN,-0.32694423
8,109,CIN,PHI,CIN,-0.54973274
8,110,CIN,PHI,CIN,0.61197627
8,111,CIN,PHI,CIN,1.6806691
8,112,CIN,PHI,CIN,3.5168478
8,113,CIN,PHI,PHI,-0.56849897
8,114,CIN,PHI,PHI,0.0
8,115,CIN,PHI,PHI,-0.9992053
8,116,CIN,PHI,PHI,-0.51280403
8,117,CIN,PHI,PHI,1.5194997
8,118,CIN,PHI,CIN,-0.28892264
8,119,CIN,PHI,CIN,0.12768848
8,120,CIN,PHI,CIN,-1.2177824
8,121,CIN,PHI,CIN,2.7889037
8,122,CIN,PHI,PHI,0.71231544
8,123,CIN,PHI,PHI,0.026040422
8,124,CIN,PHI,PHI,-0.9187895
8,125,CIN,PHI,PHI,1.5736763
8,126,CIN,PHI,PHI,-0.17246747
8,127,CIN,PHI,PHI,0.9067528
8,128,CIN,PHI,PHI,-0.10169445
8,129,CIN,PHI,PHI,1.5494214
8,130,CIN,PHI,PHI,-0.39136592
8,131,CIN,PHI,PHI,1.1420945
8,132,CIN,PHI,PHI,1.7716279
8,133,CIN,PHI,PHI,0.66141
8,134,CIN,PHI,PHI,0.067573
8,135,CIN,PHI,CIN,-0.35664675
8,136,CIN,PHI,CIN,4.543097
8,137,CIN,PHI,PHI,0.6610572
8,138,CIN,PHI,PHI,-0.28947654
8,139,CIN,PHI,PHI,-0.04519947
8,140,CIN,PHI,PHI,-1.2481192
8,141,CIN,PHI,PHI,-0.8263913
8,142,CIN,PHI,PHI,1.3028493
8,143,CIN,PHI,CIN,0.38002655
8,144,CIN,PHI,CIN,-0.16715331
8,145,CIN,PHI,CIN,0.36419818
8,146,CIN,PHI,CIN,0.17879128
8,147,CIN,PHI,CIN,NULL
9,1,PHI,JAX,PHI,0.31463298
9,2,PHI,JAX,PHI,-0.63144165
9,3,PHI,JAX,PHI,0.089358196
9,4,PHI,JAX,PHI,1.1986064
9,5,PHI,JAX,PHI,-0.06874435
9,6,PHI,JAX,PHI,-0.12830947
9,7,PHI,JAX,PHI,-1.3793391
9,8,PHI,JAX,PHI,-1.036351
9,9,PHI,JAX,PHI,5.053619
9,10,PHI,JAX,PHI,-0.48021248
9,11,PHI,JAX,PHI,2.594084
9,12,PHI,JAX,PHI,0.067573
9,13,PHI,JAX,JAX,-0.29418084
9,14,PHI,JAX,JAX,0.57098854
9,15,PHI,JAX,JAX,0.48280075
9,16,PHI,JAX,JAX,-1.9900904
9,17,PHI,JAX,JAX,0.1872931
9,18,PHI,JAX,JAX,0.34188893
9,19,PHI,JAX,JAX,2.4384756
9,20,PHI,JAX,JAX,-0.4820325
9,21,PHI,JAX,PHI,-0.5020038
9,22,PHI,JAX,PHI,-1.2666643
9,23,PHI,JAX,PHI,-0.3748171
9,24,PHI,JAX,PHI,-0.44824234
9,25,PHI,JAX,PHI,0.33845025
9,26,PHI,JAX,JAX,-0.17516209
9,27,PHI,JAX,JAX,0.9101472
9,28,PHI,JAX,JAX,1.6099424
9,29,PHI,JAX,JAX,-0.26661325
9,30,PHI,JAX,PHI,0.14493494
9,31,PHI,JAX,PHI,-0.78116155
9,32,PHI,JAX,PHI,2.3364022
9,33,PHI,JAX,PHI,0.2584223
9,34,PHI,JAX,PHI,0.7322556
9,35,PHI,JAX,PHI,0.17356129
9,36,PHI,JAX,PHI,0.0
9,37,PHI,JAX,PHI,-1.2444963
9,38,PHI,JAX,PHI,2.144727
9,39,PHI,JAX,PHI,-0.28329995
9,40,PHI,JAX,PHI,-0.53593767
9,41,PHI,JAX,PHI,1.4664115
9,42,PHI,JAX,PHI,-0.30731046
9,43,PHI,JAX,PHI,-0.56162745
9,44,PHI,JAX,PHI,-1.6737964
9,45,PHI,JAX,PHI,0.9198111
9,46,PHI,JAX,JAX,-0.20098716
9,47,PHI,JAX,JAX,0.291627
9,48,PHI,JAX,JAX,-0.62820226
9,49,PHI,JAX,JAX,1.5622952
9,50,PHI,JAX,JAX,3.3517225
9,51,PHI,JAX,PHI,0.5666724
9,52,PHI,JAX,PHI,-0.3278882
9,53,PHI,JAX,PHI,-0.38747397
9,54,PHI,JAX,PHI,-0.67939526
9,55,PHI,JAX,PHI,-3.1060967
9,56,PHI,JAX,JAX,0.45460552
9,57,PHI,JAX,JAX,0.11471581
9,58,PHI,JAX,JAX,1.0685824
9,59,PHI,JAX,JAX,-0.26320735
9,60,PHI,JAX,PHI,-0.50805575
9,61,PHI,JAX,PHI,-0.5548592
9,62,PHI,JAX,PHI,0.51448315
9,63,PHI,JAX,PHI,-1.315114
9,64,PHI,JAX,PHI,-0.08601469
9,65,PHI,JAX,JAX,3.841177
9,66,PHI,JAX,PHI,0.56244415
9,67,PHI,JAX,PHI,0.5242344
9,68,PHI,JAX,PHI,0.6429023
9,69,PHI,JAX,PHI,0.31926098
9,70,PHI,JAX,PHI,-0.39256382
9,71,PHI,JAX,PHI,-0.43584707
9,72,PHI,JAX,PHI,-0.9799834
9,73,PHI,JAX,PHI,4.0817065
9,74,PHI,JAX,PHI,0.014573003
9,75,PHI,JAX,PHI,-0.947
9,76,PHI,JAX,JAX,0.17594002
9,77,PHI,JAX,JAX,0.0
9,78,PHI,JAX,JAX,0.57187784
9,79,PHI,JAX,JAX,0.073788844
9,80,PHI,JAX,JAX,0.8617295
9,81,PHI,JAX,JAX,1.3948165
9,82,PHI,JAX,JAX,-1.0489957
9,83,PHI,JAX,PHI,-0.5667149
9,84,PHI,JAX,PHI,1.4121524
9,85,PHI,JAX,PHI,-0.434408
9,86,PHI,JAX,PHI,0.46792912
9,87,PHI,JAX,PHI,2.1342726
9,88,PHI,JAX,PHI,-0.22924398
9,89,PHI,JAX,PHI,1.15349
9,90,PHI,JAX,PHI,1.9795281
9,91,PHI,JAX,PHI,-0.947
9,92,PHI,JAX,JAX,-0.88885444
9,93,PHI,JAX,JAX,0.5084386
9,94,PHI,JAX,JAX,-1.6371486
9,95,PHI,JAX,JAX,0.5354077
9,96,PHI,JAX,JAX,-1.8845695
9,97,PHI,JAX,JAX,0.84418666
9,98,PHI,JAX,JAX,0.51554626
9,99,PHI,JAX,JAX,-2.1551337
9,100,PHI,JAX,JAX,-1.4241229
9,101,PHI,JAX,JAX,0.24798273
9,102,PHI,JAX,JAX,-0.79932934
9,103,PHI,JAX,JAX,-1.053
9,104,PHI,JAX,PHI,0.32876116
9,105,PHI,JAX,PHI,-8.447031
9,106,PHI,JAX,JAX,-1.053
9,107,PHI,JAX,PHI,0.3286743
9,108,PHI,JAX,PHI,-0.5075847
9,109,PHI,JAX,PHI,-0.8165244
9,110,PHI,JAX,PHI,2.720798
9,111,PHI,JAX,PHI,-0.18773109
9,112,PHI,JAX,PHI,1.0262246
9,113,PHI,JAX,PHI,0.80612314
9,114,PHI,JAX,PHI,-0.5599783
9,115,PHI,JAX,PHI,-1.1697285
9,116,PHI,JAX,PHI,-4.0048585
9,117,PHI,JAX,JAX,0.44340613
9,118,PHI,JAX,JAX,-0.6137934
9,119,PHI,JAX,JAX,0.0
9,120,PHI,JAX,JAX,-0.93459386
9,121,PHI,JAX,JAX,0.37749487
9,122,PHI,JAX,JAX,0.0734519
9,123,PHI,JAX,JAX,1.6818627
9,124,PHI,JAX,JAX,0.12159803
9,125,PHI,JAX,PHI,1.35263
9,126,PHI,JAX,PHI,-0.36374143
9,127,PHI,JAX,PHI,-0.6018815
9,128,PHI,JAX,PHI,1.6048907
9,129,PHI,JAX,PHI,2.9887624
9,130,PHI,JAX,PHI,-0.86665136
9,131,PHI,JAX,PHI,-0.8848293
9,132,PHI,JAX,PHI,-0.5370867
9,133,PHI,JAX,PHI,4.3937864
9,134,PHI,JAX,PHI,-0.947
9,135,PHI,JAX,JAX,-0.26966175
9,136,PHI,JAX,JAX,-1.0901468
9,137,PHI,JAX,JAX,-0.52274776
9,138,PHI,JAX,JAX,0.09525494
9,139,PHI,JAX,JAX,0.46213898
9,140,PHI,JAX,JAX,2.2802572
9,141,PHI,JAX,JAX,-3.5823004
9,142,PHI,JAX,JAX,-1.9099222
9,143,PHI,JAX,JAX,0.39694208
9,144,PHI,JAX,JAX,-1.5541978
9,145,PHI,JAX,JAX,-0.067573
9,146,PHI,JAX,PHI,0.5646957
9,147,PHI,JAX,PHI,0.21839905
9,148,PHI,JAX,PHI,1.0461276
9,149,PHI,JAX,PHI,-0.46879387
9,150,PHI,JAX,PHI,-0.3128212
9,151,PHI,JAX,PHI,0.009747605
9,152,PHI,JAX,PHI,-0.75628084
9,153,PHI,JAX,PHI,-3.4889712
9,154,PHI,JAX,JAX,0.49966323
9,155,PHI,JAX,JAX,0.41417253
9,156,PHI,JAX,JAX,-1.7237351
9,157,PHI,JAX,JAX,0.41586596
9,158,PHI,JAX,JAX,-1.928414
9,159,PHI,JAX,JAX,4.87499
9,160,PHI,JAX,PHI,0.0
9,161,PHI,JAX,PHI,0.0
9,162,PHI,JAX,PHI,0.0
9,163,PHI,JAX,PHI,NULL
10,1,DAL,PHI,DAL,-0.28786758
10,2,DAL,PHI,DAL,0.13501474
10,3,DAL,PHI,DAL,0.9312731
10,4,DAL,PHI,DAL,1.5960386
10,5,DAL,PHI,DAL,0.498093
10,6,DAL,PHI,PHI,-0.5190428
10,7,DAL,PHI,PHI,0.29355726
10,8,DAL,PHI,PHI,1.6641784
10,9,DAL,PHI,PHI,0.2472894
10,10,DAL,PHI,PHI,-1.2100366
10,11,DAL,PHI,PHI,-0.17137392
10,12,DAL,PHI,PHI,-1.8177065
10,13,DAL,PHI,PHI,-0.55485713
10,14,DAL,PHI,PHI,-0.3015973
10,15,DAL,PHI,DAL,6.0609293
10,16,DAL,PHI,PHI,-0.50455666
10,17,DAL,PHI,PHI,-0.36656636
10,18,DAL,PHI,PHI,2.412175
10,19,DAL,PHI,PHI,0.48804972
10,20,DAL,PHI,PHI,0.06857135
10,21,DAL,PHI,DAL,-0.86611557
10,22,DAL,PHI,DAL,-0.6081799
10,23,DAL,PHI,DAL,0.78847325
10,24,DAL,PHI,DAL,-1.0361841
10,25,DAL,PHI,DAL,-0.036479186
10,26,DAL,PHI,DAL,-0.6321869
10,27,DAL,PHI,DAL,0.4993942
10,28,DAL,PHI,DAL,-0.20990108
10,29,DAL,PHI,DAL,1.7469527
10,30,DAL,PHI,DAL,-1.118167
10,31,DAL,PHI,PHI,-0.2950309
10,32,DAL,PHI,PHI,1.0420076
10,33,DAL,PHI,PHI,0.123648554
10,34,DAL,PHI,PHI,0.6481537
10,35,DAL,PHI,PHI,0.57864684
10,36,DAL,PHI,PHI,2.0429797
10,37,DAL,PHI,PHI,0.0
10,38,DAL,PHI,PHI,-6.1380525
10,39,DAL,PHI,DAL,0.5868594
10,40,DAL,PHI,DAL,0.717328
10,41,DAL,PHI,DAL,0.97325355
10,42,DAL,PHI,DAL,-0.43456978
10,43,DAL,PHI,PHI,-0.3109342
10,44,DAL,PHI,PHI,2.2021658
10,45,DAL,PHI,PHI,0.23297685
10,46,DAL,PHI,PHI,-0.6447155
10,47,DAL,PHI,PHI,-1.9838401
10,48,DAL,PHI,PHI,-1.0915298
10,49,DAL,PHI,PHI,-0.43476045
10,50,DAL,PHI,DAL,-0.3295867
10,51,DAL,PHI,DAL,0.94018906
10,52,DAL,PHI,DAL,-0.6288182
10,53,DAL,PHI,DAL,-1.2014815
10,54,DAL,PHI,DAL,0.5317453
10,55,DAL,PHI,DAL,0.68943775
10,56,DAL,PHI,DAL,0.32537395
10,57,DAL,PHI,DAL,-2.0251284
10,58,DAL,PHI,DAL,0.4355088
10,59,DAL,PHI,DAL,-1.6648133
10,60,DAL,PHI,DAL,-0.5601065
10,61,DAL,PHI,DAL,-0.21445984
10,62,DAL,PHI,DAL,0.23670512
10,63,DAL,PHI,DAL,-0.9901416
10,64,DAL,PHI,DAL,6.442008
10,65,DAL,PHI,PHI,0.22295438
10,66,DAL,PHI,PHI,-0.47026333
10,67,DAL,PHI,PHI,-6.089539
10,68,DAL,PHI,DAL,-0.1317153
10,69,DAL,PHI,DAL,0.92934203
10,70,DAL,PHI,DAL,1.7804629
10,71,DAL,PHI,DAL,-0.06409343
10,72,DAL,PHI,PHI,-0.44108406
10,73,DAL,PHI,PHI,0.98392516
10,74,DAL,PHI,PHI,-0.09823224
10,75,DAL,PHI,PHI,-0.38171807
10,76,DAL,PHI,PHI,1.590821
10,77,DAL,PHI,PHI,1.3470241
10,78,DAL,PHI,PHI,0.6723853
10,79,DAL,PHI,PHI,2.3302
10,80,DAL,PHI,PHI,0.06857135
10,81,DAL,PHI,DAL,-0.068971984
10,82,DAL,PHI,DAL,0.122004576
10,83,DAL,PHI,DAL,0.19216944
10,84,DAL,PHI,DAL,0.102462046
10,85,DAL,PHI,DAL,-0.048183855
10,86,DAL,PHI,PHI,0.0
10,87,DAL,PHI,PHI,0.7016251
10,88,DAL,PHI,PHI,-0.4912673
10,89,DAL,PHI,PHI,-0.85890687
10,90,DAL,PHI,PHI,-1.524427
10,91,DAL,PHI,PHI,0.62564564
10,92,DAL,PHI,DAL,0.496021
10,93,DAL,PHI,DAL,0.8867827
10,94,DAL,PHI,DAL,1.270186
10,95,DAL,PHI,DAL,1.5048368
10,96,DAL,PHI,PHI,0.43297535
10,97,DAL,PHI,PHI,0.45152676
10,98,DAL,PHI,PHI,-0.50823784
10,99,DAL,PHI,PHI,0.7809368
10,100,DAL,PHI,PHI,0.89167213
10,101,DAL,PHI,PHI,-0.15981169
10,102,DAL,PHI,PHI,-0.9842447
10,103,DAL,PHI,PHI,2.5539994
10,104,DAL,PHI,PHI,0.06857135
10,105,DAL,PHI,DAL,-0.30771333
10,106,DAL,PHI,DAL,0.39570752
10,107,DAL,PHI,DAL,0.54931957
10,108,DAL,PHI,DAL,1.516616
10,109,DAL,PHI,DAL,-0.15443574
10,110,DAL,PHI,PHI,2.9126592
10,111,DAL,PHI,PHI,0.63025886
10,112,DAL,PHI,PHI,0.6655601
10,113,DAL,PHI,PHI,-0.29947448
10,114,DAL,PHI,PHI,0.90339655
10,115,DAL,PHI,PHI,-0.40580288
10,116,DAL,PHI,PHI,2.11905
10,117,DAL,PHI,PHI,0.06857135
10,118,DAL,PHI,DAL,-0.30485508
10,119,DAL,PHI,DAL,0.16169341
10,120,DAL,PHI,DAL,1.3782232
10,121,DAL,PHI,DAL,0.5362736
10,122,DAL,PHI,DAL,-0.74971026
10,123,DAL,PHI,DAL,5.121176
10,124,DAL,PHI,PHI,-0.513945
10,125,DAL,PHI,PHI,-0.606275
10,126,DAL,PHI,PHI,0.0
10,127,DAL,PHI,PHI,-1.0632316
10,128,DAL,PHI,PHI,0.5412034
10,129,DAL,PHI,DAL,-0.27527416
10,130,DAL,PHI,DAL,1.480468
10,131,DAL,PHI,DAL,0.49163222
10,132,DAL,PHI,DAL,0.19950962
10,133,DAL,PHI,DAL,-2.9104612
10,134,DAL,PHI,DAL,6.4830256
10,135,DAL,PHI,PHI,-0.37229732
10,136,DAL,PHI,PHI,0.15279756
10,137,DAL,PHI,PHI,-1.3894584
10,138,DAL,PHI,PHI,0.50148326
10,139,DAL,PHI,DAL,-0.2281855
10,140,DAL,PHI,DAL,-0.6022965
10,141,DAL,PHI,DAL,3.6312585
10,142,DAL,PHI,PHI,-0.49580544
10,143,DAL,PHI,PHI,-0.23381296
10,144,DAL,PHI,PHI,-1.4727113
10,145,DAL,PHI,PHI,-0.27422974
10,146,DAL,PHI,DAL,-0.05885883
10,147,DAL,PHI,DAL,-0.22471385
10,148,DAL,PHI,DAL,-0.28763154
10,149,DAL,PHI,DAL,0.21063282
10,150,DAL,PHI,DAL,0.6545267
10,151,DAL,PHI,DAL,1.6557863
10,152,DAL,PHI,DAL,-0.123239115
10,153,DAL,PHI,PHI,0.8946891
10,154,DAL,PHI,PHI,-0.17008339
10,155,DAL,PHI,PHI,0.1741691
10,156,DAL,PHI,PHI,1.2128135
10,157,DAL,PHI,PHI,-0.32300058
10,158,DAL,PHI,PHI,0.37454322
10,159,DAL,PHI,PHI,-1.1765591
10,160,DAL,PHI,PHI,-1.6442438
10,161,DAL,PHI,PHI,NULL
11,1,PHI,WAS,PHI,0.31463298
11,2,PHI,WAS,PHI,0.6149889
11,3,PHI,WAS,PHI,-0.7722135
11,4,PHI,WAS,PHI,0.87994814
11,5,PHI,WAS,PHI,-0.085207656
11,6,PHI,WAS,PHI,-0.87191063
11,7,PHI,WAS,PHI,1.5603446
11,8,PHI,WAS,PHI,1.714165
11,9,PHI,WAS,PHI,-1.056481
11,10,PHI,WAS,PHI,-0.8795914
11,11,PHI,WAS,PHI,-0.8042983
11,12,PHI,WAS,PHI,-0.17076926
11,13,PHI,WAS,PHI,-3.307105
11,14,PHI,WAS,WAS,-0.12657982
11,15,PHI,WAS,WAS,0.6713487
11,16,PHI,WAS,WAS,1.5596299
11,17,PHI,WAS,WAS,-0.38772255
11,18,PHI,WAS,PHI,0.52637434
11,19,PHI,WAS,PHI,-0.47088552
11,20,PHI,WAS,PHI,0.555406
11,21,PHI,WAS,PHI,-0.573368
11,22,PHI,WAS,PHI,-0.77064
11,23,PHI,WAS,PHI,-1.403636
11,24,PHI,WAS,PHI,-0.1190312
11,25,PHI,WAS,WAS,-2.428877
11,26,PHI,WAS,WAS,-0.0031684285
11,27,PHI,WAS,WAS,-2.011887
11,28,PHI,WAS,WAS,-0.6275636
11,29,PHI,WAS,WAS,-0.067573
11,30,PHI,WAS,PHI,0.77879363
11,31,PHI,WAS,PHI,-0.5087949
11,32,PHI,WAS,PHI,-0.17848633
11,33,PHI,WAS,PHI,-1.6251129
11,34,PHI,WAS,PHI,0.3761603
11,35,PHI,WAS,WAS,1.2059405
11,36,PHI,WAS,WAS,-0.2612119
11,37,PHI,WAS,WAS,1.0769157
11,38,PHI,WAS,WAS,0.6266865
11,39,PHI,WAS,PHI,0.3626023
11,40,PHI,WAS,PHI,0.0
11,41,PHI,WAS,PHI,-0.30305365
11,42,PHI,WAS,PHI,0.7204445
11,43,PHI,WAS,PHI,-1.7927027
11,44,PHI,WAS,PHI,-0.73219526
11,45,PHI,WAS,PHI,-0.019520337
11,46,PHI,WAS,PHI,-3.0688226
11,47,PHI,WAS,WAS,1.0261606
11,48,PHI,WAS,WAS,1.2912015
11,49,PHI,WAS,WAS,0.67629886
11,50,PHI,WAS,WAS,0.2533267
11,51,PHI,WAS,PHI,-0.124794
11,52,PHI,WAS,PHI,-0.4600831
11,53,PHI,WAS,PHI,-1.4261924
11,54,PHI,WAS,PHI,-0.44582683
11,55,PHI,WAS,WAS,0.035189454
11,56,PHI,WAS,WAS,-0.7250387
11,57,PHI,WAS,WAS,-0.7737653
11,58,PHI,WAS,WAS,1.2592424
11,59,PHI,WAS,WAS,0.019705845
11,60,PHI,WAS,WAS,-1.4512889
11,61,PHI,WAS,WAS,0.527935
11,62,PHI,WAS,WAS,0.7187798
11,63,PHI,WAS,WAS,1.4728508
11,64,PHI,WAS,WAS,0.10188113
11,65,PHI,WAS,PHI,0.64670175
11,66,PHI,WAS,PHI,0.28614593
11,67,PHI,WAS,PHI,0.64919573
11,68,PHI,WAS,PHI,-0.27749407
11,69,PHI,WAS,PHI,0.98791283
11,70,PHI,WAS,PHI,-0.12768763
11,71,PHI,WAS,PHI,1.3998903
11,72,PHI,WAS,PHI,0.619891
11,73,PHI,WAS,PHI,-0.2546548
11,74,PHI,WAS,PHI,-0.5430112
11,75,PHI,WAS,PHI,1.3770858
11,76,PHI,WAS,PHI,0.43319407
11,77,PHI,WAS,PHI,-0.8283915
11,78,PHI,WAS,PHI,-1.4133335
11,79,PHI,WAS,PHI,0.037333585
11,80,PHI,WAS,WAS,-0.05306956
11,81,PHI,WAS,WAS,-0.43186256
11,82,PHI,WAS,WAS,0.24749146
11,83,PHI,WAS,WAS,0.14984421
11,84,PHI,WAS,WAS,0.2209664
11,85,PHI,WAS,WAS,-0.38777843
11,86,PHI,WAS,WAS,-0.6558911
11,87,PHI,WAS,WAS,1.3995559
11,88,PHI,WAS,WAS,-2.1494386
11,89,PHI,WAS,WAS,0.49021846
11,90,PHI,WAS,WAS,-2.0267537
11,91,PHI,WAS,WAS,-0.47600305
11,92,PHI,WAS,WAS,0.841655
11,93,PHI,WAS,WAS,1.2704842
11,94,PHI,WAS,WAS,0.5119017
11,95,PHI,WAS,WAS,-1.047728
11,96,PHI,WAS,PHI,-0.9523564
11,97,PHI,WAS,PHI,0.3317409
11,98,PHI,WAS,PHI,-0.58407634
11,99,PHI,WAS,PHI,1.954356
11,100,PHI,WAS,PHI,-0.4896716
11,101,PHI,WAS,PHI,-0.5612895
11,102,PHI,WAS,PHI,3.9138458
11,103,PHI,WAS,PHI,-0.38386717
11,104,PHI,WAS,PHI,-0.55238426
11,105,PHI,WAS,PHI,-1.3177952
11,106,PHI,WAS,PHI,0.20546636
11,107,PHI,WAS,WAS,-0.2920784
11,108,PHI,WAS,WAS,0.27570474
11,109,PHI,WAS,WAS,-0.90466785
11,110,PHI,WAS,WAS,0.02663922
11,111,PHI,WAS,WAS,0.7472487
11,112,PHI,WAS,WAS,2.2041628
11,113,PHI,WAS,WAS,-0.094945766
11,114,PHI,WAS,PHI,1.039499
11,115,PHI,WAS,PHI,-0.21019426
11,116,PHI,WAS,PHI,0.9911293
11,117,PHI,WAS,PHI,-0.26583964
11,118,PHI,WAS,PHI,-0.8131611
11,119,PHI,WAS,PHI,0.0
11,120,PHI,WAS,PHI,1.6803695
11,121,PHI,WAS,PHI,1.0218469
11,122,PHI,WAS,PHI,0.5754512
11,123,PHI,WAS,PHI,0.53636944
11,124,PHI,WAS,PHI,0.78893274
11,125,PHI,WAS,PHI,0.5643001
11,126,PHI,WAS,PHI,-0.932427
11,127,PHI,WAS,WAS,-0.27230215
11,128,PHI,WAS,WAS,-0.5449985
11,129,PHI,WAS,WAS,-0.08013745
11,130,PHI,WAS,WAS,0.48633218
11,131,PHI,WAS,WAS,-1.474826
11,132,PHI,WAS,WAS,-0.6477676
11,133,PHI,WAS,WAS,-0.76780796
11,134,PHI,WAS,WAS,0.53464407
11,135,PHI,WAS,WAS,1.5564072
11,136,PHI,WAS,WAS,3.4700887
11,137,PHI,WAS,PHI,-0.2782366
11,138,PHI,WAS,PHI,2.8282893
11,139,PHI,WAS,PHI,-0.37334087
11,140,PHI,WAS,PHI,0.31294495
11,141,PHI,WAS,PHI,3.2476323
11,142,PHI,WAS,PHI,0.067573
11,143,PHI,WAS,WAS,-0.39377925
11,144,PHI,WAS,WAS,4.070325
11,145,PHI,WAS,PHI,0.40320688
11,146,PHI,WAS,PHI,3.7690556
11,147,PHI,WAS,PHI,0.067573
11,148,PHI,WAS,WAS,-0.37233153
11,149,PHI,WAS,WAS,-0.18393144
11,150,PHI,WAS,WAS,0.48181626
11,151,PHI,WAS,WAS,-0.7726389
11,152,PHI,WAS,WAS,0.46277115
11,153,PHI,WAS,WAS,-1.4437517
11,154,PHI,WAS,WAS,-0.16190071
11,155,PHI,WAS,WAS,-0.66735804
11,156,PHI,WAS,WAS,-0.642219
11,157,PHI,WAS,WAS,1.0343658
11,158,PHI,WAS,WAS,0.67850155
11,159,PHI,WAS,WAS,-1.8496659
11,160,PHI,WAS,WAS,0.025523946
11,161,PHI,WAS,WAS,0.28255418
11,162,PHI,WAS,WAS,-1.7200373
11,163,PHI,WAS,WAS,0.43793947
11,164,PHI,WAS,WAS,-1.9490291
11,165,PHI,WAS,WAS,-1.053
11,166,PHI,WAS,PHI,1.3271219
11,167,PHI,WAS,PHI,-1.5895618
11,168,PHI,WAS,PHI,NULL
12,1,LA,PHI,LA,-0.31364283
12,2,LA,PHI,LA,-0.27991477
12,3,LA,PHI,LA,-0.30961654
12,4,LA,PHI,LA,-0.84577
12,5,LA,PHI,LA,-1.7031245
12,6,LA,PHI,LA,5.8396387
12,7,LA,PHI,PHI,0.07664739
12,8,LA,PHI,PHI,0.73579687
12,9,LA,PHI,PHI,1.2011715
12,10,LA,PHI,PHI,1.1015135
12,11,LA,PHI,PHI,0.60586804
12,12,LA,PHI,PHI,0.64106876
12,13,LA,PHI,PHI,0.3697576
12,14,LA,PHI,PHI,0.20755756
12,15,LA,PHI,PHI,-0.29713377
12,16,LA,PHI,PHI,-0.59563786
12,17,LA,PHI,PHI,-1.607424
12,18,LA,PHI,PHI,0.014528305
12,19,LA,PHI,LA,-0.2906406
12,20,LA,PHI,LA,0.33469036
12,21,LA,PHI,LA,-1.3289835
12,22,LA,PHI,LA,0.24860355
12,23,LA,PHI,LA,-1.0991055
12,24,LA,PHI,LA,0.59565204
12,25,LA,PHI,LA,-1.4208562
12,26,LA,PHI,LA,-1.09392
12,27,LA,PHI,LA,0.49558154
12,28,LA,PHI,LA,-1.2993964
12,29,LA,PHI,LA,-0.4482213
12,30,LA,PHI,LA,-0.051171567
12,31,LA,PHI,PHI,0.26042807
12,32,LA,PHI,PHI,-0.17119639
12,33,LA,PHI,PHI,-0.38061816
12,34,LA,PHI,PHI,0.0
12,35,LA,PHI,PHI,1.3485764
12,36,LA,PHI,PHI,-0.5233799
12,37,LA,PHI,PHI,-0.46517032
12,38,LA,PHI,PHI,-2.351631
12,39,LA,PHI,PHI,-0.037520867
12,40,LA,PHI,LA,-0.27528247
12,41,LA,PHI,LA,0.80080354
12,42,LA,PHI,LA,1.6048429
12,43,LA,PHI,LA,0.93240577
12,44,LA,PHI,PHI,-0.22207408
12,45,LA,PHI,PHI,-0.3079017
12,46,LA,PHI,PHI,1.5743352
12,47,LA,PHI,PHI,-0.34015968
12,48,LA,PHI,PHI,-0.15578076
12,49,LA,PHI,PHI,2.5652819
12,50,LA,PHI,PHI,-0.77890384
12,51,LA,PHI,PHI,-0.49321797
12,52,LA,PHI,PHI,-0.8247129
12,53,LA,PHI,PHI,-0.09779353
12,54,LA,PHI,PHI,0.13828927
12,55,LA,PHI,LA,-0.3588488
12,56,LA,PHI,LA,0.6749775
12,57,LA,PHI,LA,0.7147007
12,58,LA,PHI,LA,1.7418683
12,59,LA,PHI,LA,0.22008023
12,60,LA,PHI,PHI,0.6125054
12,61,LA,PHI,PHI,0.19790596
12,62,LA,PHI,PHI,0.4297448
12,63,LA,PHI,PHI,0.6664426
12,64,LA,PHI,PHI,-0.37908873
12,65,LA,PHI,PHI,0.12450156
12,66,LA,PHI,PHI,0.99813104
12,67,LA,PHI,PHI,0.91929716
12,68,LA,PHI,PHI,-0.3613248
12,69,LA,PHI,PHI,2.020234
12,70,LA,PHI,PHI,0.051171567
12,71,LA,PHI,LA,-0.27859196
12,72,LA,PHI,LA,0.41291475
12,73,LA,PHI,LA,0.8662371
12,74,LA,PHI,LA,0.2864903
12,75,LA,PHI,LA,0.86542135
12,76,LA,PHI,PHI,0.5098264
12,77,LA,PHI,PHI,-0.22391026
12,78,LA,PHI,PHI,-0.12753506
12,79,LA,PHI,PHI,-0.68325603
12,80,LA,PHI,PHI,-0.8051949
12,81,LA,PHI,LA,0.4749307
12,82,LA,PHI,PHI,0.27495593
12,83,LA,PHI,PHI,5.7167926
12,84,LA,PHI,PHI,0.051171567
12,85,LA,PHI,LA,-0.30592945
12,86,LA,PHI,LA,-0.76104355
12,87,LA,PHI,LA,-0.23195972
12,88,LA,PHI,LA,-0.8487482
12,89,LA,PHI,LA,-0.61538035
12,90,LA,PHI,LA,1.4595022
12,91,LA,PHI,LA,0.8884231
12,92,LA,PHI,LA,-4.0694656
12,93,LA,PHI,LA,0.18316919
12,94,LA,PHI,LA,-0.8527837
12,95,LA,PHI,LA,-0.051171567
12,96,LA,PHI,PHI,0.29065987
12,97,LA,PHI,PHI,0.6849912
12,98,LA,PHI,PHI,0.68330204
12,99,LA,PHI,PHI,-0.46851993
12,100,LA,PHI,PHI,0.7816177
12,101,LA,PHI,PHI,-0.5313861
12,102,LA,PHI,PHI,-0.90676904
12,103,LA,PHI,PHI,-0.00033480488
12,104,LA,PHI,PHI,3.587049
12,105,LA,PHI,PHI,1.8241571
12,106,LA,PHI,PHI,0.051171567
12,107,LA,PHI,LA,-0.29157788
12,108,LA,PHI,LA,-0.20678739
12,109,LA,PHI,LA,-0.38040122
12,110,LA,PHI,LA,0.516014
12,111,LA,PHI,LA,-0.026838042
12,112,LA,PHI,LA,1.1082578
12,113,LA,PHI,LA,-3.981217
12,114,LA,PHI,LA,-0.6636278
12,115,LA,PHI,LA,1.0299666
12,116,LA,PHI,LA,1.3174479
12,117,LA,PHI,LA,1.5933954
12,118,LA,PHI,LA,3.4914296
12,119,LA,PHI,PHI,0.05223923
12,120,LA,PHI,PHI,-0.91876894
12,121,LA,PHI,PHI,3.0880694
12,122,LA,PHI,PHI,0.0
12,123,LA,PHI,PHI,-0.3334612
12,124,LA,PHI,PHI,0.5012018
12,125,LA,PHI,PHI,0.5241308
12,126,LA,PHI,PHI,0.6915912
12,127,LA,PHI,PHI,0.06698191
12,128,LA,PHI,PHI,-0.70139426
12,129,LA,PHI,PHI,-0.83358467
12,130,LA,PHI,PHI,0.0023616874
12,131,LA,PHI,PHI,-1.0118529
12,132,LA,PHI,PHI,0.050203066
12,133,LA,PHI,LA,-0.3324255
12,134,LA,PHI,LA,-0.59474176
12,135,LA,PHI,LA,0.5198146
12,136,LA,PHI,LA,-1.0521643
12,137,LA,PHI,LA,0.8500657
12,138,LA,PHI,LA,0.90066653
12,139,LA,PHI,LA,0.61192125
12,140,LA,PHI,LA,-3.0613804
12,141,LA,PHI,LA,0.42224157
12,142,LA,PHI,LA,0.61185557
12,143,LA,PHI,LA,1.2794312
12,144,LA,PHI,LA,1.4789054
12,145,LA,PHI,LA,0.09566446
12,146,LA,PHI,PHI,0.26373962
12,147,LA,PHI,PHI,-0.049471043
12,148,LA,PHI,PHI,-1.2286503
12,149,LA,PHI,PHI,2.0031886
12,150,LA,PHI,PHI,-0.655878
12,151,LA,PHI,PHI,-0.19183508
12,152,LA,PHI,PHI,6.8268294
12,153,LA,PHI,PHI,0.051171567
12,154,LA,PHI,LA,-0.4865336
12,155,LA,PHI,LA,-0.36540404
12,156,LA,PHI,LA,0.5031697
12,157,LA,PHI,LA,-0.3100935
12,158,LA,PHI,LA,1.515314
12,159,LA,PHI,LA,-2.6214306
12,160,LA,PHI,LA,-0.61251247
12,161,LA,PHI,LA,0.46174622
12,162,LA,PHI,LA,-3.620135
12,163,LA,PHI,LA,0.947
12,164,LA,PHI,PHI,0.0
12,165,LA,PHI,PHI,-0.9055728
12,166,LA,PHI,PHI,0.0
12,167,LA,PHI,PHI,0.0
12,168,LA,PHI,PHI,NULL
13,1,BAL,PHI,PHI,0.25781915
13,2,BAL,PHI,PHI,0.87319046
13,3,BAL,PHI,PHI,-0.5313473
13,4,BAL,PHI,PHI,-0.42149508
13,5,BAL,PHI,PHI,-1.6536031
13,6,BAL,PHI,PHI,-0.6403013
13,7,BAL,PHI,PHI,-0.71199465
13,8,BAL,PHI,BAL,0.016812047
13,9,BAL,PHI,BAL,0.9460217
13,10,BAL,PHI,BAL,-1.5335343
13,11,BAL,PHI,BAL,-2.4423256
13,12,BAL,PHI,BAL,0.16503535
13,13,BAL,PHI,BAL,1.1001263
13,14,BAL,PHI,BAL,1.1193352
13,15,BAL,PHI,BAL,-0.3139611
13,16,BAL,PHI,PHI,0.2941645
13,17,BAL,PHI,PHI,-0.08724524
13,18,BAL,PHI,PHI,-0.8004732
13,19,BAL,PHI,PHI,-1.2990091
13,20,BAL,PHI,PHI,0.20759907
13,21,BAL,PHI,BAL,-0.14211448
13,22,BAL,PHI,BAL,-1.370482
13,23,BAL,PHI,BAL,0.08741332
13,24,BAL,PHI,BAL,-1.5730275
13,25,BAL,PHI,BAL,-0.32908013
13,26,BAL,PHI,BAL,0.2813941
13,27,BAL,PHI,BAL,-1.4876525
13,28,BAL,PHI,BAL,0.5763621
13,29,BAL,PHI,BAL,-2.2201858
13,30,BAL,PHI,BAL,0.932427
13,31,BAL,PHI,PHI,0.10097624
13,32,BAL,PHI,PHI,-0.8165863
13,33,BAL,PHI,PHI,-0.13314292
13,34,BAL,PHI,PHI,-0.047492296
13,35,BAL,PHI,PHI,-2.0010102
13,36,BAL,PHI,PHI,-0.27001858
13,37,BAL,PHI,PHI,0.18135515
13,38,BAL,PHI,BAL,0.5104944
13,39,BAL,PHI,BAL,1.9128804
13,40,BAL,PHI,BAL,0.7371978
13,41,BAL,PHI,BAL,0.0
13,42,BAL,PHI,BAL,-0.5396867
13,43,BAL,PHI,PHI,0.88328356
13,44,BAL,PHI,PHI,0.029682854
13,45,BAL,PHI,PHI,0.18894698
13,46,BAL,PHI,PHI,-1.9873284
13,47,BAL,PHI,PHI,0.79789907
13,48,BAL,PHI,BAL,-0.16515246
13,49,BAL,PHI,BAL,0.7116594
13,50,BAL,PHI,BAL,1.2313877
13,51,BAL,PHI,BAL,0.42118496
13,52,BAL,PHI,PHI,-0.8097363
13,53,BAL,PHI,PHI,0.19303079
13,54,BAL,PHI,PHI,1.5160239
13,55,BAL,PHI,PHI,0.6624135
13,56,BAL,PHI,PHI,0.50482136
13,57,BAL,PHI,PHI,2.3192875
13,58,BAL,PHI,PHI,0.067573
13,59,BAL,PHI,BAL,0.005453196
13,60,BAL,PHI,BAL,0.57324475
13,61,BAL,PHI,BAL,-0.36097533
13,62,BAL,PHI,BAL,2.0311277
13,63,BAL,PHI,BAL,0.49246433
13,64,BAL,PHI,PHI,0.904422
13,65,BAL,PHI,PHI,0.048254855
13,66,BAL,PHI,PHI,1.1280524
13,67,BAL,PHI,PHI,-0.6942604
13,68,BAL,PHI,PHI,1.2788154
13,69,BAL,PHI,PHI,0.5604656
13,70,BAL,PHI,PHI,-0.024530157
13,71,BAL,PHI,PHI,-0.6959481
13,72,BAL,PHI,PHI,2.3413472
13,73,BAL,PHI,PHI,0.6601854
13,74,BAL,PHI,PHI,0.067573
13,75,BAL,PHI,BAL,-0.8181122
13,76,BAL,PHI,BAL,-0.6747506
13,77,BAL,PHI,BAL,0.90124583
13,78,BAL,PHI,BAL,-0.1926137
13,79,BAL,PHI,BAL,-1.2560645
13,80,BAL,PHI,BAL,-0.8488391
13,81,BAL,PHI,BAL,1.8030243
13,82,BAL,PHI,BAL,0.06169553
13,83,BAL,PHI,BAL,-1.0614768
13,84,BAL,PHI,PHI,-0.012892797
13,85,BAL,PHI,PHI,0.0
13,86,BAL,PHI,BAL,-0.31463298
13,87,BAL,PHI,BAL,-0.7735336
13,88,BAL,PHI,BAL,-0.5709978
13,89,BAL,PHI,BAL,-0.24306425
13,90,BAL,PHI,BAL,0.4976642
13,91,BAL,PHI,BAL,0.9003101
13,92,BAL,PHI,BAL,-2.958978
13,93,BAL,PHI,BAL,0.3569527
13,94,BAL,PHI,BAL,0.31871498
13,95,BAL,PHI,BAL,2.6995187
13,96,BAL,PHI,BAL,3.1782389
13,97,BAL,PHI,PHI,-0.5161729
13,98,BAL,PHI,PHI,-1.0985624
13,99,BAL,PHI,PHI,-1.1253072
13,100,BAL,PHI,PHI,0.26684
13,101,BAL,PHI,BAL,0.33153668
13,102,BAL,PHI,BAL,-1.2079533
13,103,BAL,PHI,BAL,0.28762227
13,104,BAL,PHI,BAL,0.6151901
13,105,BAL,PHI,BAL,0.5998329
13,106,BAL,PHI,BAL,-2.1592891
13,107,BAL,PHI,BAL,-0.62483346
13,108,BAL,PHI,BAL,0.04068261
13,109,BAL,PHI,BAL,0.20432085
13,110,BAL,PHI,BAL,-0.90016973
13,111,BAL,PHI,BAL,0.5618936
13,112,BAL,PHI,BAL,0.48902586
13,113,BAL,PHI,BAL,1.8946517
13,114,BAL,PHI,BAL,2.8117177
13,115,BAL,PHI,PHI,-0.8142807
13,116,BAL,PHI,PHI,-0.14184847
13,117,BAL,PHI,PHI,-1.5295955
13,118,BAL,PHI,PHI,0.3254092
13,119,BAL,PHI,BAL,0.0
13,120,BAL,PHI,BAL,0.30189654
13,121,BAL,PHI,BAL,0.07100847
13,122,BAL,PHI,BAL,-1.218358
13,123,BAL,PHI,BAL,-1.1583813
13,124,BAL,PHI,BAL,0.4969932
13,125,BAL,PHI,BAL,0.8053075
13,126,BAL,PHI,BAL,1.073694
13,127,BAL,PHI,BAL,0.34469327
13,128,BAL,PHI,BAL,0.62260556
13,129,BAL,PHI,PHI,-0.15689065
13,130,BAL,PHI,PHI,0.65614676
13,131,BAL,PHI,PHI,-0.23200335
13,132,BAL,PHI,PHI,-0.729317
13,133,BAL,PHI,PHI,1.7315898
13,134,BAL,PHI,PHI,0.94332576
13,135,BAL,PHI,PHI,0.6451906
13,136,BAL,PHI,PHI,2.8756928
13,137,BAL,PHI,PHI,0.067573
13,138,BAL,PHI,BAL,-0.24276695
13,139,BAL,PHI,BAL,-0.616749
13,140,BAL,PHI,BAL,0.43466455
13,141,BAL,PHI,BAL,1.1612827
13,142,BAL,PHI,BAL,0.9832518
13,143,BAL,PHI,BAL,2.6556187
13,144,BAL,PHI,PHI,0.51860553
13,145,BAL,PHI,PHI,-0.19435154
13,146,BAL,PHI,PHI,-1.2378331
13,147,BAL,PHI,PHI,1.415402
13,148,BAL,PHI,PHI,-0.50369877
13,149,BAL,PHI,PHI,-0.5829806
13,150,BAL,PHI,PHI,0.34914032
13,151,BAL,PHI,PHI,-0.48149756
13,152,BAL,PHI,PHI,-0.0790847
13,153,BAL,PHI,PHI,-0.31221402
13,154,BAL,PHI,PHI,0.6815331
13,155,BAL,PHI,PHI,0.29384786
13,156,BAL,PHI,BAL,-0.072909415
13,157,BAL,PHI,BAL,0.16332524
13,158,BAL,PHI,BAL,0.107394375
13,159,BAL,PHI,BAL,-0.5033538
13,160,BAL,PHI,BAL,0.21216537
13,161,BAL,PHI,BAL,-0.1748583
13,162,BAL,PHI,BAL,-1.874254
13,163,BAL,PHI,BAL,-4.2813296
13,164,BAL,PHI,BAL,-0.067573
13,165,BAL,PHI,PHI,0.50312036
13,166,BAL,PHI,PHI,-0.52032065
13,167,BAL,PHI,PHI,NULL
14,1,PHI,CAR,CAR,-0.05307235
14,2,PHI,CAR,CAR,-0.61407447
14,3,PHI,CAR,CAR,-0.17200398
14,4,PHI,CAR,CAR,0.53619015
14,5,PHI,CAR,CAR,0.8889486
14,6,PHI,CAR,CAR,1.405939
14,7,PHI,CAR,CAR,0.3069022
14,8,PHI,CAR,CAR,0.0037163957
14,9,PHI,CAR,PHI,-0.9742227
14,10,PHI,CAR,PHI,-0.5160656
14,11,PHI,CAR,PHI,2.47346
14,12,PHI,CAR,PHI,-1.4076469
14,13,PHI,CAR,PHI,-0.89231503
14,14,PHI,CAR,PHI,-1.0524373
14,15,PHI,CAR,PHI,0.21912274
14,16,PHI,CAR,CAR,-1.1332273
14,17,PHI,CAR,CAR,0.035452146
14,18,PHI,CAR,CAR,1.2299076
14,19,PHI,CAR,CAR,0.36250088
14,20,PHI,CAR,CAR,0.270904
14,21,PHI,CAR,CAR,-2.6154535
14,22,PHI,CAR,CAR,0.5190292
14,23,PHI,CAR,CAR,0.6822194
14,24,PHI,CAR,CAR,2.1746335
14,25,PHI,CAR,CAR,-0.5691737
14,26,PHI,CAR,PHI,0.21996903
14,27,PHI,CAR,PHI,-0.50459427
14,28,PHI,CAR,PHI,-1.9957806
14,29,PHI,CAR,PHI,-0.7977568
14,30,PHI,CAR,CAR,-1.6530259
14,31,PHI,CAR,CAR,1.0514995
14,32,PHI,CAR,CAR,0.6441579
14,33,PHI,CAR,CAR,0.19087669
14,34,PHI,CAR,CAR,-0.4943563
14,35,PHI,CAR,PHI,0.3157003
14,36,PHI,CAR,PHI,0.32232487
14,37,PHI,CAR,PHI,0.80376065
14,38,PHI,CAR,PHI,-0.33630025
14,39,PHI,CAR,PHI,0.0
14,40,PHI,CAR,PHI,1.1620193
14,41,PHI,CAR,PHI,-0.80483204
14,42,PHI,CAR,PHI,0.36721107
14,43,PHI,CAR,PHI,-0.7386397
14,44,PHI,CAR,PHI,3.0210428
14,45,PHI,CAR,PHI,0.76543903
14,46,PHI,CAR,PHI,-0.42029783
14,47,PHI,CAR,PHI,1.2239392
14,48,PHI,CAR,PHI,0.067573
14,49,PHI,CAR,CAR,-0.30356085
14,50,PHI,CAR,CAR,-0.63523984
14,51,PHI,CAR,CAR,-0.19997276
14,52,PHI,CAR,CAR,0.49611238
14,53,PHI,CAR,CAR,0.75346804
14,54,PHI,CAR,CAR,-1.9902245
14,55,PHI,CAR,CAR,0.08441523
14,56,PHI,CAR,CAR,-0.8277185
14,57,PHI,CAR,CAR,0.07624618
14,58,PHI,CAR,CAR,0.13084011
14,59,PHI,CAR,CAR,-1.9387068
14,60,PHI,CAR,CAR,1.0089219
14,61,PHI,CAR,CAR,-1.2397871
14,62,PHI,CAR,CAR,2.7199621
14,63,PHI,CAR,CAR,-4.134099
14,64,PHI,CAR,CAR,-0.067573
14,65,PHI,CAR,PHI,-0.06637036
14,66,PHI,CAR,PHI,-0.30257514
14,67,PHI,CAR,PHI,-0.5216757
14,68,PHI,CAR,PHI,-0.9794809
14,69,PHI,CAR,PHI,-0.104340374
14,70,PHI,CAR,CAR,0.15946536
14,71,PHI,CAR,CAR,0.19816083
14,72,PHI,CAR,CAR,3.1943061
14,73,PHI,CAR,PHI,-0.19091026
14,74,PHI,CAR,PHI,1.0197321
14,75,PHI,CAR,PHI,0.9626106
14,76,PHI,CAR,PHI,0.21363814
14,77,PHI,CAR,PHI,0.84777445
14,78,PHI,CAR,PHI,-0.6638474
14,79,PHI,CAR,PHI,2.3073113
14,80,PHI,CAR,PHI,0.067573
14,81,PHI,CAR,CAR,0.043543085
14,82,PHI,CAR,CAR,0.0
14,83,PHI,CAR,PHI,0.31463298
14,84,PHI,CAR,PHI,-0.5294405
14,85,PHI,CAR,PHI,1.7106276
14,86,PHI,CAR,PHI,-0.2737694
14,87,PHI,CAR,PHI,0.051032424
14,88,PHI,CAR,PHI,0.9665514
14,89,PHI,CAR,PHI,-0.34900323
14,90,PHI,CAR,PHI,-0.3391436
14,91,PHI,CAR,PHI,-2.1638782
14,92,PHI,CAR,PHI,-2.8052747
14,93,PHI,CAR,CAR,-0.37840173
14,94,PHI,CAR,CAR,-0.5596514
14,95,PHI,CAR,CAR,-1.0954593
14,96,PHI,CAR,CAR,0.11707274
14,97,PHI,CAR,CAR,-0.72300565
14,98,PHI,CAR,CAR,0.31359628
14,99,PHI,CAR,CAR,1.4007727
14,100,PHI,CAR,CAR,-0.5530723
14,101,PHI,CAR,CAR,0.47162226
14,102,PHI,CAR,CAR,-2.6930413
14,103,PHI,CAR,CAR,-0.3880046
14,104,PHI,CAR,CAR,0.44296676
14,105,PHI,CAR,CAR,-1.4118272
14,106,PHI,CAR,CAR,0.932427
14,107,PHI,CAR,PHI,0.30057883
14,108,PHI,CAR,PHI,0.63036966
14,109,PHI,CAR,PHI,0.7235998
14,110,PHI,CAR,PHI,0.39257035
14,111,PHI,CAR,PHI,-1.7939099
14,112,PHI,CAR,PHI,3.1084673
14,113,PHI,CAR,PHI,0.0
14,114,PHI,CAR,PHI,-0.29526213
14,115,PHI,CAR,PHI,-0.45602465
14,116,PHI,CAR,PHI,2.3737109
14,117,PHI,CAR,PHI,0.0
14,118,PHI,CAR,PHI,1.053
14,119,PHI,CAR,CAR,-0.27129072
14,120,PHI,CAR,CAR,0.52467316
14,121,PHI,CAR,CAR,0.29445323
14,122,PHI,CAR,CAR,-1.8090737
14,123,PHI,CAR,CAR,-0.30075976
14,124,PHI,CAR,CAR,0.97230875
14,125,PHI,CAR,CAR,-2.0479107
14,126,PHI,CAR,CAR,0.32911712
14,127,PHI,CAR,CAR,0.6049606
14,128,PHI,CAR,CAR,0.24719892
14,129,PHI,CAR,CAR,3.6200762
14,130,PHI,CAR,PHI,0.566769
14,131,PHI,CAR,PHI,0.6111983
14,132,PHI,CAR,PHI,-0.45910227
14,133,PHI,CAR,PHI,0.36553445
14,134,PHI,CAR,PHI,-1.438608
14,135,PHI,CAR,PHI,-0.46037894
14,136,PHI,CAR,PHI,2.26954
14,137,PHI,CAR,PHI,-0.74044627
14,138,PHI,CAR,PHI,-0.4199327
14,139,PHI,CAR,PHI,-0.6425908
14,140,PHI,CAR,PHI,-1.12157
14,141,PHI,CAR,PHI,-0.34907648
14,142,PHI,CAR,PHI,-0.18235074
14,143,PHI,CAR,CAR,0.40534514
14,144,PHI,CAR,CAR,0.73977387
14,145,PHI,CAR,CAR,-2.3509872
14,146,PHI,CAR,CAR,0.0117345005
14,147,PHI,CAR,CAR,-0.51643
14,148,PHI,CAR,CAR,0.42693174
14,149,PHI,CAR,CAR,0.4065965
14,150,PHI,CAR,CAR,0.93770504
14,151,PHI,CAR,CAR,-2.0140913
14,152,PHI,CAR,CAR,-0.42236865
14,153,PHI,CAR,CAR,0.29753804
14,154,PHI,CAR,CAR,0.968816
14,155,PHI,CAR,CAR,0.83346117
14,156,PHI,CAR,CAR,1.8146176
14,157,PHI,CAR,PHI,-0.9980534
14,158,PHI,CAR,PHI,NULL
15,1,PHI,PIT,PIT,-0.3506728
15,2,PHI,PIT,PIT,0.38310853
15,3,PHI,PIT,PIT,0.64504004
15,4,PHI,PIT,PIT,1.418172
15,5,PHI,PIT,PIT,0.5388202
15,6,PHI,PIT,PHI,1.2980944
15,7,PHI,PIT,PHI,0.3423444
15,8,PHI,PIT,PHI,1.4346181
15,9,PHI,PIT,PHI,-0.50136423
15,10,PHI,PIT,PHI,-0.4884711
15,11,PHI,PIT,PHI,-1.2627221
15,12,PHI,PIT,PHI,0.313255
15,13,PHI,PIT,PIT,-0.56685394
15,14,PHI,PIT,PIT,0.5226323
15,15,PHI,PIT,PIT,0.7487976
15,16,PHI,PIT,PIT,1.241935
15,17,PHI,PIT,PIT,-0.17688155
15,18,PHI,PIT,PHI,0.8214474
15,19,PHI,PIT,PHI,-1.25311
15,20,PHI,PIT,PHI,1.6382861
15,21,PHI,PIT,PHI,-0.011584686
15,22,PHI,PIT,PHI,-0.57256943
15,23,PHI,PIT,PHI,-4.473052
15,24,PHI,PIT,PIT,0.5154186
15,25,PHI,PIT,PIT,0.86015266
15,26,PHI,PIT,PIT,2.2211597
15,27,PHI,PIT,PIT,-5.738291
15,28,PHI,PIT,PIT,1.5670601
15,29,PHI,PIT,PIT,0.5160827
15,30,PHI,PIT,PIT,0.3588923
15,31,PHI,PIT,PIT,-0.43361214
15,32,PHI,PIT,PHI,0.33118236
15,33,PHI,PIT,PHI,1.0656142
15,34,PHI,PIT,PHI,1.0517915
15,35,PHI,PIT,PHI,0.44950083
15,36,PHI,PIT,PHI,1.6457316
15,37,PHI,PIT,PHI,-0.43343484
15,38,PHI,PIT,PHI,1.5116851
15,39,PHI,PIT,PHI,0.067573
15,40,PHI,PIT,PIT,-0.27654868
15,41,PHI,PIT,PIT,0.52434397
15,42,PHI,PIT,PIT,0.6334278
15,43,PHI,PIT,PIT,0.886624
15,44,PHI,PIT,PIT,0.0
15,45,PHI,PIT,PIT,0.3461463
15,46,PHI,PIT,PIT,0.62988496
15,47,PHI,PIT,PIT,1.2220696
15,48,PHI,PIT,PHI,-0.49331033
15,49,PHI,PIT,PHI,-0.67357165
15,50,PHI,PIT,PHI,2.4411254
15,51,PHI,PIT,PHI,-0.4407953
15,52,PHI,PIT,PHI,0.23742154
15,53,PHI,PIT,PHI,2.1903424
15,54,PHI,PIT,PHI,-0.44988057
15,55,PHI,PIT,PHI,-0.87255734
15,56,PHI,PIT,PHI,2.0424192
15,57,PHI,PIT,PHI,0.067573
15,58,PHI,PIT,PIT,-0.21750239
15,59,PHI,PIT,PIT,-1.0928836
15,60,PHI,PIT,PIT,-1.3654498
15,61,PHI,PIT,PIT,0.04379359
15,62,PHI,PIT,PIT,-0.09603659
15,63,PHI,PIT,PIT,-0.5914451
15,64,PHI,PIT,PIT,0.35582048
15,65,PHI,PIT,PIT,-0.62839663
15,66,PHI,PIT,PIT,-0.50421375
15,67,PHI,PIT,PIT,0.8269722
15,68,PHI,PIT,PIT,0.81210387
15,69,PHI,PIT,PIT,-3.3455453
15,70,PHI,PIT,PIT,-0.067573
15,71,PHI,PIT,PHI,0.37266833
15,72,PHI,PIT,PHI,-0.22743183
15,73,PHI,PIT,PHI,-0.4593354
15,74,PHI,PIT,PHI,-0.48476666
15,75,PHI,PIT,PHI,-0.77983516
15,76,PHI,PIT,PHI,-1.6721075
15,77,PHI,PIT,PIT,-0.73063326
15,78,PHI,PIT,PIT,0.27127507
15,79,PHI,PIT,PIT,1.6252195
15,80,PHI,PIT,PIT,-0.58068484
15,81,PHI,PIT,PIT,-1.1628174
15,82,PHI,PIT,PHI,0.1486955
15,83,PHI,PIT,PHI,-0.49275404
15,84,PHI,PIT,PHI,0.31463298
15,85,PHI,PIT,PHI,-0.3522302
15,86,PHI,PIT,PHI,1.0744703
15,87,PHI,PIT,PHI,-0.18622974
15,88,PHI,PIT,PHI,0.8370611
15,89,PHI,PIT,PHI,-0.79142153
15,90,PHI,PIT,PHI,-0.60160947
15,91,PHI,PIT,PHI,1.9977787
15,92,PHI,PIT,PHI,-0.5796315
15,93,PHI,PIT,PHI,-0.45375466
15,94,PHI,PIT,PHI,-0.8429256
15,95,PHI,PIT,PHI,3.2842007
15,96,PHI,PIT,PHI,-0.4743413
15,97,PHI,PIT,PHI,-1.0965893
15,98,PHI,PIT,PHI,-0.4719972
15,99,PHI,PIT,PHI,-0.92517585
15,100,PHI,PIT,PHI,0.7936648
15,101,PHI,PIT,PIT,-0.29361233
15,102,PHI,PIT,PIT,-2.1461966
15,103,PHI,PIT,PIT,-0.27082878
15,104,PHI,PIT,PIT,-0.63512886
15,105,PHI,PIT,PIT,5.6433477
15,106,PHI,PIT,PHI,-0.5639593
15,107,PHI,PIT,PHI,-0.22473645
15,108,PHI,PIT,PHI,1.5428499
15,109,PHI,PIT,PHI,0.820088
15,110,PHI,PIT,PHI,-0.031463448
15,111,PHI,PIT,PHI,1.4098611
15,112,PHI,PIT,PHI,0.15829685
15,113,PHI,PIT,PHI,0.49504974
15,114,PHI,PIT,PHI,-0.45541844
15,115,PHI,PIT,PHI,-0.77542317
15,116,PHI,PIT,PHI,2.6702206
15,117,PHI,PIT,PHI,0.0
15,118,PHI,PIT,PHI,-0.25109264
15,119,PHI,PIT,PHI,0.77577233
15,120,PHI,PIT,PHI,0.067573
15,121,PHI,PIT,PIT,-0.26649925
15,122,PHI,PIT,PIT,-0.6168874
15,123,PHI,PIT,PIT,-0.3566842
15,124,PHI,PIT,PIT,-0.3902382
15,125,PHI,PIT,PIT,0.9602423
15,126,PHI,PIT,PIT,0.4638258
15,127,PHI,PIT,PIT,0.9014696
15,128,PHI,PIT,PIT,0.33885622
15,129,PHI,PIT,PIT,-0.16198505
15,130,PHI,PIT,PHI,-0.48734534
15,131,PHI,PIT,PHI,-0.49115893
15,132,PHI,PIT,PHI,0.049802054
15,133,PHI,PIT,PHI,2.256699
15,134,PHI,PIT,PHI,-0.10504904
15,135,PHI,PIT,PHI,0.21833627
15,136,PHI,PIT,PHI,0.86086684
15,137,PHI,PIT,PHI,-1.085229
15,138,PHI,PIT,PHI,2.253269
15,139,PHI,PIT,PHI,-1.2481015
15,140,PHI,PIT,PHI,-0.8373315
15,141,PHI,PIT,PHI,0.6046438
15,142,PHI,PIT,PHI,1.6576928
15,143,PHI,PIT,PHI,-0.98437417
15,144,PHI,PIT,PHI,-0.5397049
15,145,PHI,PIT,PHI,1.8959063
15,146,PHI,PIT,PHI,0.19966076
15,147,PHI,PIT,PHI,-1.2630419
15,148,PHI,PIT,PHI,0.3561822
15,149,PHI,PIT,PHI,1.0440404
15,150,PHI,PIT,PHI,-0.6311523
15,151,PHI,PIT,PHI,-0.82070094
15,152,PHI,PIT,PHI,-2.8579853
15,153,PHI,PIT,PHI,NULL
16,1,WAS,PHI,WAS,-0.926186
16,2,WAS,PHI,WAS,0.5500565
16,3,WAS,PHI,WAS,0.8049092
16,4,WAS,PHI,WAS,0.2504092
16,5,WAS,PHI,WAS,3.357498
16,6,WAS,PHI,PHI,-0.5532062
16,7,WAS,PHI,PHI,1.9025476
16,8,WAS,PHI,PHI,-0.4659549
16,9,WAS,PHI,PHI,-0.55792964
16,10,WAS,PHI,PHI,1.8800914
16,11,WAS,PHI,PHI,0.9502533
16,12,WAS,PHI,PHI,0.10922517
16,13,WAS,PHI,PHI,1.172384
16,14,WAS,PHI,PHI,0.067573
16,15,WAS,PHI,WAS,-1.9065735
16,16,WAS,PHI,WAS,5.407988
16,17,WAS,PHI,PHI,0.74536544
16,18,WAS,PHI,PHI,1.5377489
16,19,WAS,PHI,PHI,-1.8044497
16,20,WAS,PHI,PHI,0.942027
16,21,WAS,PHI,PHI,1.5131435
16,22,WAS,PHI,PHI,-0.48111388
16,23,WAS,PHI,PHI,-0.021791996
16,24,WAS,PHI,PHI,2.5104134
16,25,WAS,PHI,PHI,0.067573
16,26,WAS,PHI,WAS,0.37488684
16,27,WAS,PHI,WAS,0.92533433
16,28,WAS,PHI,WAS,0.8336192
16,29,WAS,PHI,WAS,1.0986828
16,30,WAS,PHI,WAS,-1.7904761
16,31,WAS,PHI,PHI,-0.24003488
16,32,WAS,PHI,PHI,-4.0831957
16,33,WAS,PHI,WAS,-0.433112
16,34,WAS,PHI,WAS,-0.2407259
16,35,WAS,PHI,WAS,-0.5430259
16,36,WAS,PHI,WAS,0.509217
16,37,WAS,PHI,WAS,0.93192583
16,38,WAS,PHI,WAS,-2.6327808
16,39,WAS,PHI,WAS,-0.067573
16,40,WAS,PHI,PHI,0.34205565
16,41,WAS,PHI,PHI,-0.3636245
16,42,WAS,PHI,PHI,6.561434
16,43,WAS,PHI,PHI,0.067573
16,44,WAS,PHI,WAS,-0.4859915
16,45,WAS,PHI,WAS,-0.7348587
16,46,WAS,PHI,WAS,0.13787453
16,47,WAS,PHI,WAS,0.4958707
16,48,WAS,PHI,WAS,-0.9595021
16,49,WAS,PHI,WAS,0.0
16,50,WAS,PHI,WAS,0.29640925
16,51,WAS,PHI,WAS,0.789881
16,52,WAS,PHI,WAS,-2.0532637
16,53,WAS,PHI,WAS,-0.6887485
16,54,WAS,PHI,WAS,4.471814
16,55,WAS,PHI,PHI,2.98306
16,56,WAS,PHI,PHI,-0.5733448
16,57,WAS,PHI,PHI,-0.42781827
16,58,WAS,PHI,PHI,-0.2821552
16,59,WAS,PHI,PHI,-1.667855
16,60,WAS,PHI,PHI,0.198656
16,61,WAS,PHI,WAS,-2.892897
16,62,WAS,PHI,WAS,0.29789567
16,63,WAS,PHI,WAS,-0.4391497
16,64,WAS,PHI,WAS,2.4271111
16,65,WAS,PHI,WAS,-2.7976892
16,66,WAS,PHI,WAS,0.2700219
16,67,WAS,PHI,WAS,0.6178524
16,68,WAS,PHI,WAS,-4.2956924
16,69,WAS,PHI,WAS,-0.067573
16,70,WAS,PHI,PHI,-0.010188598
16,71,WAS,PHI,PHI,-0.46978652
16,72,WAS,PHI,PHI,-0.1349715
16,73,WAS,PHI,PHI,-0.57694376
16,74,WAS,PHI,PHI,-0.35605082
16,75,WAS,PHI,WAS,0.0958289
16,76,WAS,PHI,WAS,0.32769513
16,77,WAS,PHI,WAS,1.0498695
16,78,WAS,PHI,WAS,0.15320474
16,79,WAS,PHI,PHI,-0.45992175
16,80,WAS,PHI,PHI,-0.07343738
16,81,WAS,PHI,PHI,-0.44608307
16,82,WAS,PHI,PHI,-0.9974492
16,83,WAS,PHI,WAS,3.3112395
16,84,WAS,PHI,PHI,-0.03329753
16,85,WAS,PHI,PHI,0.22178249
16,86,WAS,PHI,PHI,-1.8711811
16,87,WAS,PHI,PHI,1.0518758
16,88,WAS,PHI,PHI,-1.5321811
16,89,WAS,PHI,PHI,0.024922425
16,90,WAS,PHI,PHI,-0.4891999
16,91,WAS,PHI,PHI,3.240315
16,92,WAS,PHI,PHI,-0.5547234
16,93,WAS,PHI,PHI,2.032496
16,94,WAS,PHI,PHI,0.36621565
16,95,WAS,PHI,PHI,-0.78873205
16,96,WAS,PHI,PHI,-1.6599532
16,97,WAS,PHI,PHI,0.058437016
16,98,WAS,PHI,WAS,-0.7959596
16,99,WAS,PHI,WAS,0.5169314
16,100,WAS,PHI,WAS,3.665702
16,101,WAS,PHI,PHI,-1.4214892
16,102,WAS,PHI,PHI,-0.7455415
16,103,WAS,PHI,PHI,2.8317676
16,104,WAS,PHI,PHI,-0.86072147
16,105,WAS,PHI,PHI,1.6769733
16,106,WAS,PHI,PHI,-0.50873035
16,107,WAS,PHI,PHI,-0.78225726
16,108,WAS,PHI,PHI,1.8470656
16,109,WAS,PHI,PHI,-0.8425942
16,110,WAS,PHI,PHI,0.014296852
16,111,WAS,PHI,PHI,1.8258204
16,112,WAS,PHI,PHI,-0.4581191
16,113,WAS,PHI,PHI,-0.8480665
16,114,WAS,PHI,PHI,-1.2391465
16,115,WAS,PHI,PHI,0.5656283
16,116,WAS,PHI,WAS,-0.8827713
16,117,WAS,PHI,WAS,-0.2210746
16,118,WAS,PHI,WAS,0.8372019
16,119,WAS,PHI,WAS,-1.2234031
16,120,WAS,PHI,WAS,-0.4891356
16,121,WAS,PHI,WAS,0.9539919
16,122,WAS,PHI,WAS,0.9818325
16,123,WAS,PHI,WAS,1.4568924
16,124,WAS,PHI,WAS,-4.8490515
16,125,WAS,PHI,WAS,0.0
16,126,WAS,PHI,WAS,0.8507833
16,127,WAS,PHI,WAS,-0.7326506
16,128,WAS,PHI,WAS,-1.9854319
16,129,WAS,PHI,WAS,-0.067573
16,130,WAS,PHI,PHI,0.29927564
16,131,WAS,PHI,PHI,-0.5028973
16,132,WAS,PHI,PHI,1.2342432
16,133,WAS,PHI,PHI,-0.97121036
16,134,WAS,PHI,PHI,-0.87228894
16,135,WAS,PHI,PHI,-0.6867596
16,136,WAS,PHI,PHI,0.25487152
16,137,WAS,PHI,WAS,0.025603715
16,138,WAS,PHI,WAS,0.7713285
16,139,WAS,PHI,WAS,-1.5931705
16,140,WAS,PHI,WAS,-0.7869386
16,141,WAS,PHI,WAS,0.47294697
16,142,WAS,PHI,WAS,-1.0639023
16,143,WAS,PHI,WAS,-4.1949825
16,144,WAS,PHI,WAS,-0.067573
16,145,WAS,PHI,PHI,0.42025578
16,146,WAS,PHI,PHI,0.12530898
16,147,WAS,PHI,PHI,0.36729154
16,148,WAS,PHI,PHI,-1.6635201
16,149,WAS,PHI,PHI,2.174777
16,150,WAS,PHI,PHI,-0.43835574
16,151,WAS,PHI,PHI,-0.46933568
16,152,WAS,PHI,PHI,-1.5064052
16,153,WAS,PHI,PHI,3.568334
16,154,WAS,PHI,PHI,-0.53272045
16,155,WAS,PHI,PHI,-1.5016186
16,156,WAS,PHI,PHI,0.12959376
16,157,WAS,PHI,PHI,1.5787636
16,158,WAS,PHI,WAS,-0.45491177
16,159,WAS,PHI,WAS,0.41465333
16,160,WAS,PHI,WAS,0.09283677
16,161,WAS,PHI,WAS,4.3170557
16,162,WAS,PHI,PHI,-0.8120639
16,163,WAS,PHI,PHI,0.37737
16,164,WAS,PHI,PHI,-0.7388129
16,165,WAS,PHI,PHI,0.5795407
16,166,WAS,PHI,WAS,-0.77866834
16,167,WAS,PHI,WAS,-0.39307362
16,168,WAS,PHI,WAS,-0.1959241
16,169,WAS,PHI,WAS,-0.47861934
16,170,WAS,PHI,WAS,-0.9289422
16,171,WAS,PHI,WAS,-0.10149294
16,172,WAS,PHI,WAS,0.0899878
16,173,WAS,PHI,WAS,0.3816209
16,174,WAS,PHI,WAS,0.16912225
16,175,WAS,PHI,WAS,-3.7731726
16,176,WAS,PHI,WAS,-1.053
16,177,WAS,PHI,PHI,-0.022557411
16,178,WAS,PHI,WAS,NULL
17,1,PHI,DAL,DAL,-0.25781915
17,2,PHI,DAL,DAL,0.4430089
17,3,PHI,DAL,DAL,-1.7581904
17,4,PHI,DAL,DAL,-0.74266255
17,5,PHI,DAL,DAL,0.027145252
17,6,PHI,DAL,DAL,-0.40542975
17,7,PHI,DAL,DAL,0.721761
17,8,PHI,DAL,DAL,9.742409
17,9,PHI,DAL,PHI,0.067573
17,10,PHI,DAL,DAL,-0.29699674
17,11,PHI,DAL,DAL,0.2889249
17,12,PHI,DAL,DAL,-0.5254208
17,13,PHI,DAL,DAL,-0.43666795
17,14,PHI,DAL,DAL,0.48759988
17,15,PHI,DAL,DAL,-1.3993111
17,16,PHI,DAL,DAL,-0.77246803
17,17,PHI,DAL,DAL,0.5122424
17,18,PHI,DAL,DAL,0.7631111
17,19,PHI,DAL,DAL,-2.7509675
17,20,PHI,DAL,DAL,-0.43788052
17,21,PHI,DAL,DAL,1.5003479
17,22,PHI,DAL,DAL,-1.9524544
17,23,PHI,DAL,DAL,-1.1015837
17,24,PHI,DAL,DAL,-0.067573
17,25,PHI,DAL,PHI,0.90048724
17,26,PHI,DAL,PHI,-0.59765345
17,27,PHI,DAL,PHI,-0.60667616
17,28,PHI,DAL,PHI,-0.88038707
17,29,PHI,DAL,PHI,-0.7303587
17,30,PHI,DAL,PHI,0.6655447
17,31,PHI,DAL,DAL,0.56386924
17,32,PHI,DAL,DAL,0.41503638
17,33,PHI,DAL,DAL,0.93102944
17,34,PHI,DAL,DAL,0.09881378
17,35,PHI,DAL,PHI,-0.2954381
17,36,PHI,DAL,PHI,0.0652278
17,37,PHI,DAL,PHI,-1.1589264
17,38,PHI,DAL,PHI,-1.020857
17,39,PHI,DAL,DAL,-0.50811344
17,40,PHI,DAL,DAL,0.2103143
17,41,PHI,DAL,DAL,0.0
17,42,PHI,DAL,DAL,-0.49416524
17,43,PHI,DAL,DAL,1.0421938
17,44,PHI,DAL,DAL,-0.57562673
17,45,PHI,DAL,DAL,-0.8115192
17,46,PHI,DAL,DAL,1.5729414
17,47,PHI,DAL,DAL,0.9694348
17,48,PHI,DAL,PHI,-0.07864787
17,49,PHI,DAL,PHI,0.7513277
17,50,PHI,DAL,PHI,0.208487
17,51,PHI,DAL,PHI,-0.47055292
17,52,PHI,DAL,PHI,0.8361037
17,53,PHI,DAL,PHI,-1.22223
17,54,PHI,DAL,PHI,-0.008652727
17,55,PHI,DAL,PHI,3.2045605
17,56,PHI,DAL,PHI,-0.13194767
17,57,PHI,DAL,PHI,-1.2609577
17,58,PHI,DAL,PHI,4.0123715
17,59,PHI,DAL,PHI,0.067573
17,60,PHI,DAL,DAL,-0.33994293
17,61,PHI,DAL,DAL,4.3746934
17,62,PHI,DAL,PHI,0.20457815
17,63,PHI,DAL,PHI,-0.8164994
17,64,PHI,DAL,PHI,-0.37264767
17,65,PHI,DAL,PHI,1.4025251
17,66,PHI,DAL,PHI,-0.41346967
17,67,PHI,DAL,PHI,0.16792722
17,68,PHI,DAL,PHI,-0.6359503
17,69,PHI,DAL,PHI,1.667011
17,70,PHI,DAL,PHI,-0.41011703
17,71,PHI,DAL,PHI,-0.7675328
17,72,PHI,DAL,PHI,-0.4191114
17,73,PHI,DAL,PHI,0.18120085
17,74,PHI,DAL,DAL,0.014796408
17,75,PHI,DAL,DAL,0.17139198
17,76,PHI,DAL,DAL,0.19885705
17,77,PHI,DAL,DAL,-0.7827381
17,78,PHI,DAL,DAL,0.27197558
17,79,PHI,DAL,DAL,0.10435566
17,80,PHI,DAL,DAL,1.587171
17,81,PHI,DAL,PHI,0.63810426
17,82,PHI,DAL,PHI,3.333751
17,83,PHI,DAL,PHI,-1.2039056
17,84,PHI,DAL,PHI,3.5382607
17,85,PHI,DAL,PHI,0.0
17,86,PHI,DAL,PHI,0.03452866
17,87,PHI,DAL,PHI,0.53490925
17,88,PHI,DAL,PHI,0.017554453
17,89,PHI,DAL,PHI,1.0908115
17,90,PHI,DAL,PHI,0.56879884
17,91,PHI,DAL,PHI,0.2697898
17,92,PHI,DAL,PHI,0.28561324
17,93,PHI,DAL,PHI,0.36388853
17,94,PHI,DAL,PHI,-0.2920412
17,95,PHI,DAL,PHI,-0.20345837
17,96,PHI,DAL,PHI,1.2793157
17,97,PHI,DAL,PHI,-0.21112
17,98,PHI,DAL,PHI,-0.8713607
17,99,PHI,DAL,PHI,-1.1531665
17,100,PHI,DAL,PHI,-0.25102144
17,101,PHI,DAL,PHI,0.09738921
17,102,PHI,DAL,DAL,-0.29335085
17,103,PHI,DAL,DAL,0.28240347
17,104,PHI,DAL,DAL,1.0462207
17,105,PHI,DAL,DAL,1.2831799
17,106,PHI,DAL,DAL,0.5309499
17,107,PHI,DAL,PHI,0.9091648
17,108,PHI,DAL,PHI,1.0866246
17,109,PHI,DAL,PHI,-0.91008663
17,110,PHI,DAL,PHI,0.82017654
17,111,PHI,DAL,PHI,0.89732355
17,112,PHI,DAL,PHI,-0.46719828
17,113,PHI,DAL,PHI,-0.6573971
17,114,PHI,DAL,PHI,0.683273
17,115,PHI,DAL,PHI,-0.7594434
17,116,PHI,DAL,PHI,3.4262974
17,117,PHI,DAL,PHI,0.067573
17,118,PHI,DAL,DAL,-0.31291935
17,119,PHI,DAL,DAL,-1.123973
17,120,PHI,DAL,DAL,0.03252536
17,121,PHI,DAL,DAL,0.8606301
17,122,PHI,DAL,DAL,-1.6249133
17,123,PHI,DAL,DAL,-0.0039902013
17,124,PHI,DAL,DAL,-1.472761
17,125,PHI,DAL,DAL,0.0
17,126,PHI,DAL,DAL,-0.072686404
17,127,PHI,DAL,DAL,0.7312258
17,128,PHI,DAL,DAL,5.1163025
17,129,PHI,DAL,PHI,0.21019773
17,130,PHI,DAL,PHI,0.8753326
17,131,PHI,DAL,PHI,-0.25561255
17,132,PHI,DAL,PHI,1.0078931
17,133,PHI,DAL,PHI,1.6212478
17,134,PHI,DAL,PHI,-0.95467323
17,135,PHI,DAL,PHI,3.57191
17,136,PHI,DAL,PHI,0.067573
17,137,PHI,DAL,DAL,0.8420493
17,138,PHI,DAL,DAL,-0.34804162
17,139,PHI,DAL,DAL,-0.26768255
17,140,PHI,DAL,DAL,0.18493293
17,141,PHI,DAL,DAL,-1.3780915
17,142,PHI,DAL,DAL,0.4512567
17,143,PHI,DAL,DAL,0.49484053
17,144,PHI,DAL,DAL,-2.0408947
17,145,PHI,DAL,DAL,0.46496528
17,146,PHI,DAL,DAL,0.5842289
17,147,PHI,DAL,DAL,2.7310705
17,148,PHI,DAL,DAL,2.0233073
17,149,PHI,DAL,PHI,-0.6164919
17,150,PHI,DAL,PHI,0.08334573
17,151,PHI,DAL,PHI,-1.3178042
17,152,PHI,DAL,PHI,-1.2409192
17,153,PHI,DAL,DAL,0.46330616
17,154,PHI,DAL,DAL,0.07608694
17,155,PHI,DAL,DAL,0.38704726
17,156,PHI,DAL,DAL,-0.2826465
17,157,PHI,DAL,PHI,0.0
17,158,PHI,DAL,PHI,0.0
17,159,PHI,DAL,PHI,NULL
18,1,PHI,NYG,NYG,0.42922544
18,2,PHI,NYG,NYG,-0.37019822
18,3,PHI,NYG,NYG,0.45210359
18,4,PHI,NYG,NYG,-1.134786
18,5,PHI,NYG,NYG,-0.27639273
18,6,PHI,NYG,NYG,0.8749441
18,7,PHI,NYG,NYG,-1.6469967
18,8,PHI,NYG,NYG,0.64633757
18,9,PHI,NYG,NYG,0.53237325
18,10,PHI,NYG,NYG,0.77045405
18,11,PHI,NYG,NYG,0.9194202
18,12,PHI,NYG,NYG,2.5363672
18,13,PHI,NYG,PHI,0.93575263
18,14,PHI,NYG,PHI,-0.19274539
18,15,PHI,NYG,PHI,1.4533588
18,16,PHI,NYG,PHI,1.8410047
18,17,PHI,NYG,PHI,0.067573
18,18,PHI,NYG,NYG,-0.91974324
18,19,PHI,NYG,NYG,0.45396003
18,20,PHI,NYG,NYG,0.8147753
18,21,PHI,NYG,NYG,1.2729609
18,22,PHI,NYG,NYG,-0.21714815
18,23,PHI,NYG,PHI,0.98744935
18,24,PHI,NYG,PHI,-0.5590862
18,25,PHI,NYG,PHI,-0.7861713
18,26,PHI,NYG,PHI,-0.05262823
18,27,PHI,NYG,PHI,2.2456841
18,28,PHI,NYG,PHI,-0.3354744
18,29,PHI,NYG,PHI,1.2011496
18,30,PHI,NYG,PHI,-0.5018718
18,31,PHI,NYG,PHI,-0.3296976
18,32,PHI,NYG,PHI,-0.85300976
18,33,PHI,NYG,PHI,2.726499
18,34,PHI,NYG,PHI,-0.44849482
18,35,PHI,NYG,PHI,0.0
18,36,PHI,NYG,PHI,0.0651462
18,37,PHI,NYG,PHI,-1.5028054
18,38,PHI,NYG,PHI,-3.543665
18,39,PHI,NYG,NYG,1.3184513
18,40,PHI,NYG,NYG,-0.14642696
18,41,PHI,NYG,NYG,0.6642049
18,42,PHI,NYG,NYG,-3.0682282
18,43,PHI,NYG,NYG,-0.16280031
18,44,PHI,NYG,NYG,0.37458482
18,45,PHI,NYG,NYG,1.1962979
18,46,PHI,NYG,NYG,-2.019142
18,47,PHI,NYG,NYG,0.049896866
18,48,PHI,NYG,NYG,0.24802507
18,49,PHI,NYG,NYG,1.3387363
18,50,PHI,NYG,NYG,2.9859128
18,51,PHI,NYG,PHI,-1.9368277
18,52,PHI,NYG,PHI,0.12113125
18,53,PHI,NYG,PHI,2.5854611
18,54,PHI,NYG,PHI,0.44013518
18,55,PHI,NYG,PHI,0.052320056
18,56,PHI,NYG,PHI,-0.49188352
18,57,PHI,NYG,PHI,1.3899478
18,58,PHI,NYG,PHI,-0.46082002
18,59,PHI,NYG,PHI,1.4746724
18,60,PHI,NYG,PHI,-0.4645012
18,61,PHI,NYG,PHI,-0.80813986
18,62,PHI,NYG,PHI,-0.5971433
18,63,PHI,NYG,PHI,0.06746047
18,64,PHI,NYG,NYG,-0.30320314
18,65,PHI,NYG,NYG,0.34525368
18,66,PHI,NYG,NYG,0.25661793
18,67,PHI,NYG,NYG,0.48142403
18,68,PHI,NYG,NYG,0.43385792
18,69,PHI,NYG,PHI,0.4377391
18,70,PHI,NYG,PHI,0.03192024
18,71,PHI,NYG,PHI,0.3538438
18,72,PHI,NYG,PHI,-0.22900525
18,73,PHI,NYG,PHI,-0.26470214
18,74,PHI,NYG,PHI,-0.5237191
18,75,PHI,NYG,PHI,-0.33055776
18,76,PHI,NYG,PHI,1.8475555
18,77,PHI,NYG,PHI,-0.15909158
18,78,PHI,NYG,PHI,-0.3312808
18,79,PHI,NYG,PHI,-0.8136727
18,80,PHI,NYG,PHI,-3.4399004
18,81,PHI,NYG,NYG,-0.02839672
18,82,PHI,NYG,NYG,-1.4476376
18,83,PHI,NYG,NYG,-0.2898872
18,84,PHI,NYG,NYG,-0.34133735
18,85,PHI,NYG,NYG,0.047058437
18,86,PHI,NYG,NYG,-1.4441313
18,87,PHI,NYG,NYG,0.23819344
18,88,PHI,NYG,NYG,0.7380858
18,89,PHI,NYG,NYG,1.0202628
18,90,PHI,NYG,NYG,-0.06991809
18,91,PHI,NYG,PHI,0.3161959
18,92,PHI,NYG,PHI,-0.54224336
18,93,PHI,NYG,PHI,-0.36642316
18,94,PHI,NYG,PHI,-2.1293948
18,95,PHI,NYG,PHI,1.2878056
18,96,PHI,NYG,NYG,0.25645137
18,97,PHI,NYG,NYG,1.2741703
18,98,PHI,NYG,NYG,0.60654277
18,99,PHI,NYG,NYG,0.17543158
18,100,PHI,NYG,PHI,-0.2845195
18,101,PHI,NYG,PHI,1.1701691
18,102,PHI,NYG,PHI,-0.25369635
18,103,PHI,NYG,PHI,0.99539584
18,104,PHI,NYG,PHI,1.2200706
18,105,PHI,NYG,PHI,0.2992712
18,106,PHI,NYG,PHI,0.0
18,107,PHI,NYG,PHI,1.5671389
18,108,PHI,NYG,PHI,0.067573
18,109,PHI,NYG,NYG,-0.2708594
18,110,PHI,NYG,NYG,0.27663597
18,111,PHI,NYG,NYG,-0.52745336
18,112,PHI,NYG,NYG,-0.5291467
18,113,PHI,NYG,NYG,0.3503986
18,114,PHI,NYG,NYG,-1.1355475
18,115,PHI,NYG,NYG,0.42399114
18,116,PHI,NYG,NYG,0.77588856
18,117,PHI,NYG,NYG,-5.456707
18,118,PHI,NYG,NYG,-0.067573
18,119,PHI,NYG,PHI,-0.02626878
18,120,PHI,NYG,PHI,-0.5442352
18,121,PHI,NYG,PHI,-0.7162114
18,122,PHI,NYG,PHI,-2.0167565
18,123,PHI,NYG,PHI,-1.3430758
18,124,PHI,NYG,NYG,0.8670837
18,125,PHI,NYG,NYG,-0.60249466
18,126,PHI,NYG,NYG,0.7489872
18,127,PHI,NYG,NYG,-0.067105055
18,128,PHI,NYG,NYG,1.565898
18,129,PHI,NYG,NYG,-2.1528196
18,130,PHI,NYG,PHI,0.28742492
18,131,PHI,NYG,PHI,-0.3241284
18,132,PHI,NYG,PHI,0.53846604
18,133,PHI,NYG,PHI,0.21560511
18,134,PHI,NYG,PHI,-0.46500555
18,135,PHI,NYG,PHI,0.14794914
18,136,PHI,NYG,PHI,0.98376924
18,137,PHI,NYG,PHI,-1.0332816
18,138,PHI,NYG,PHI,-0.2677215
18,139,PHI,NYG,PHI,-0.5752779
18,140,PHI,NYG,PHI,2.4722712
18,141,PHI,NYG,PHI,-0.6878753
18,142,PHI,NYG,PHI,-0.6447636
18,143,PHI,NYG,PHI,2.5499609
18,144,PHI,NYG,PHI,-1.0769606
18,145,PHI,NYG,PHI,-0.7161202
18,146,PHI,NYG,PHI,0.23454554
18,147,PHI,NYG,PHI,0.19232295
18,148,PHI,NYG,NYG,-0.06158169
18,149,PHI,NYG,NYG,-0.010039524
18,150,PHI,NYG,NYG,-0.04312273
18,151,PHI,NYG,NYG,1.6998183
18,152,PHI,NYG,PHI,-1.281603
18,153,PHI,NYG,PHI,NULL
19,1,PHI,GB,GB,5.1533136
19,2,PHI,GB,PHI,0.85298795
19,3,PHI,GB,PHI,-0.3993446
19,4,PHI,GB,PHI,2.1632652
19,5,PHI,GB,PHI,0.067573
19,6,PHI,GB,GB,0.8691327
19,7,PHI,GB,GB,0.6129559
19,8,PHI,GB,GB,0.62619686
19,9,PHI,GB,GB,1.1992947
19,10,PHI,GB,GB,-0.39984202
19,11,PHI,GB,PHI,-0.21175492
19,12,PHI,GB,PHI,1.1294757
19,13,PHI,GB,PHI,-0.52419287
19,14,PHI,GB,PHI,-0.3771426
19,15,PHI,GB,PHI,-1.6571152
19,16,PHI,GB,PHI,-0.8350363
19,17,PHI,GB,GB,0.56767213
19,18,PHI,GB,GB,-0.44786727
19,19,PHI,GB,GB,-1.3338162
19,20,PHI,GB,GB,0.05364198
19,21,PHI,GB,GB,0.35736114
19,22,PHI,GB,GB,2.7251523
19,23,PHI,GB,GB,0.24772494
19,24,PHI,GB,PHI,1.1105992
19,25,PHI,GB,PHI,0.84771484
19,26,PHI,GB,PHI,-0.29350913
19,27,PHI,GB,PHI,-0.054011445
19,28,PHI,GB,PHI,1.1563158
19,29,PHI,GB,PHI,-0.26168096
19,30,PHI,GB,PHI,0.92969644
19,31,PHI,GB,PHI,-0.459535
19,32,PHI,GB,PHI,-0.8016771
19,33,PHI,GB,PHI,-1.1012568
19,34,PHI,GB,PHI,0.19842367
19,35,PHI,GB,GB,-0.2753632
19,36,PHI,GB,GB,0.29096276
19,37,PHI,GB,GB,0.0
19,38,PHI,GB,GB,1.6982745
19,39,PHI,GB,PHI,-0.09391929
19,40,PHI,GB,PHI,-0.73991203
19,41,PHI,GB,PHI,-0.788989
19,42,PHI,GB,PHI,-0.20636052
19,43,PHI,GB,PHI,-0.6306129
19,44,PHI,GB,PHI,-0.37755275
19,45,PHI,GB,GB,0.19605567
19,46,PHI,GB,GB,-0.98496044
19,47,PHI,GB,GB,-0.05950442
19,48,PHI,GB,GB,-0.13750467
19,49,PHI,GB,GB,-0.94048226
19,50,PHI,GB,GB,0.0012003686
19,51,PHI,GB,GB,1.6062235
19,52,PHI,GB,GB,-0.56704944
19,53,PHI,GB,GB,-1.7054107
19,54,PHI,GB,GB,0.7162706
19,55,PHI,GB,GB,-0.2535708
19,56,PHI,GB,GB,1.2626072
19,57,PHI,GB,GB,0.40925458
19,58,PHI,GB,GB,3.4825943
19,59,PHI,GB,PHI,-0.8383676
19,60,PHI,GB,PHI,-0.6868063
19,61,PHI,GB,PHI,-0.25161642
19,62,PHI,GB,PHI,-0.18602207
19,63,PHI,GB,GB,0.70153224
19,64,PHI,GB,GB,-1.3180206
19,65,PHI,GB,GB,0.85943264
19,66,PHI,GB,GB,-0.31007054
19,67,PHI,GB,GB,-0.21945035
19,68,PHI,GB,GB,-0.6662658
19,69,PHI,GB,GB,0.21340969
19,70,PHI,GB,GB,3.8648694
19,71,PHI,GB,PHI,0.26810002
19,72,PHI,GB,PHI,-0.4714355
19,73,PHI,GB,PHI,-1.252588
19,74,PHI,GB,PHI,-0.25459275
19,75,PHI,GB,PHI,-0.42157567
19,76,PHI,GB,GB,0.0
19,77,PHI,GB,PHI,0.009389523
19,78,PHI,GB,PHI,-0.05891502
19,79,PHI,GB,PHI,0.8579054
19,80,PHI,GB,PHI,-1.0049905
19,81,PHI,GB,PHI,-1.4771297
19,82,PHI,GB,PHI,-1.0541953
19,83,PHI,GB,PHI,1.0237855
19,84,PHI,GB,GB,-0.25705308
19,85,PHI,GB,GB,0.5759145
19,86,PHI,GB,GB,-1.4981586
19,87,PHI,GB,GB,-0.024968296
19,88,PHI,GB,GB,0.4785432
19,89,PHI,GB,GB,-2.909625
19,90,PHI,GB,GB,-0.48123637
19,91,PHI,GB,GB,1.480321
19,92,PHI,GB,GB,0.79762214
19,93,PHI,GB,GB,-3.0640209
19,94,PHI,GB,GB,0.38950852
19,95,PHI,GB,GB,0.8117059
19,96,PHI,GB,GB,1.0156585
19,97,PHI,GB,GB,-0.084159106
19,98,PHI,GB,PHI,0.5181091
19,99,PHI,GB,PHI,-0.1274132
19,100,PHI,GB,PHI,-0.4051014
19,101,PHI,GB,PHI,2.5600085
19,102,PHI,GB,PHI,0.88315046
19,103,PHI,GB,PHI,2.1659353
19,104,PHI,GB,PHI,-0.932427
19,105,PHI,GB,GB,0.39163023
19,106,PHI,GB,GB,-1.1555107
19,107,PHI,GB,GB,-0.07375188
19,108,PHI,GB,GB,-1.1346899
19,109,PHI,GB,GB,0.31825835
19,110,PHI,GB,GB,0.84814674
19,111,PHI,GB,GB,-2.065626
19,112,PHI,GB,GB,0.42834303
19,113,PHI,GB,GB,-3.070291
19,114,PHI,GB,GB,0.0
19,115,PHI,GB,GB,-0.6215358
19,116,PHI,GB,GB,-0.067573
19,117,PHI,GB,PHI,0.3118185
19,118,PHI,GB,PHI,0.5628601
19,119,PHI,GB,PHI,0.31168714
19,120,PHI,GB,PHI,-0.07825261
19,121,PHI,GB,PHI,-1.7303656
19,122,PHI,GB,PHI,2.2081366
19,123,PHI,GB,PHI,-0.25446144
19,124,PHI,GB,PHI,1.72502
19,125,PHI,GB,PHI,0.20490499
19,126,PHI,GB,PHI,0.5089703
19,127,PHI,GB,PHI,-1.1330647
19,128,PHI,GB,PHI,0.14170635
19,129,PHI,GB,PHI,-0.86829334
19,130,PHI,GB,PHI,-0.032855414
19,131,PHI,GB,PHI,-0.26536506
19,132,PHI,GB,PHI,0.16789635
19,133,PHI,GB,GB,0.30011377
19,134,PHI,GB,GB,-0.7088494
19,135,PHI,GB,GB,0.07850235
19,136,PHI,GB,GB,0.2940911
19,137,PHI,GB,GB,1.5160779
19,138,PHI,GB,GB,2.8506458
19,139,PHI,GB,PHI,-0.012995277
19,140,PHI,GB,PHI,1.3176541
19,141,PHI,GB,PHI,-0.620397
19,142,PHI,GB,PHI,-0.58128697
19,143,PHI,GB,PHI,-0.34321585
19,144,PHI,GB,PHI,0.22103217
19,145,PHI,GB,GB,-0.2821872
19,146,PHI,GB,GB,0.7523696
19,147,PHI,GB,GB,0.5426043
19,148,PHI,GB,GB,0.121180266
19,149,PHI,GB,GB,-1.8058316
19,150,PHI,GB,GB,-0.76765597
19,151,PHI,GB,GB,2.9536598
19,152,PHI,GB,PHI,-0.108346716
19,153,PHI,GB,PHI,-0.48766983
19,154,PHI,GB,PHI,0.0
19,155,PHI,GB,PHI,NULL
20,1,PHI,LA,PHI,0.038893644
20,2,PHI,LA,PHI,0.9200925
20,3,PHI,LA,PHI,0.06571107
20,4,PHI,LA,PHI,0.17183968
20,5,PHI,LA,PHI,0.39748287
20,6,PHI,LA,PHI,0.14637963
20,7,PHI,LA,PHI,3.785503
20,8,PHI,LA,PHI,-0.932427
20,9,PHI,LA,LA,-0.501409
20,10,PHI,LA,LA,0.5608345
20,11,PHI,LA,LA,0.51577157
20,12,PHI,LA,LA,-1.8506801
20,13,PHI,LA,LA,-1.3556304
20,14,PHI,LA,LA,0.5259336
20,15,PHI,LA,LA,-1.5665663
20,16,PHI,LA,LA,0.035707034
20,17,PHI,LA,LA,0.7367279
20,18,PHI,LA,LA,0.14207521
20,19,PHI,LA,LA,-1.9553293
20,20,PHI,LA,LA,0.11331704
20,21,PHI,LA,LA,1.0132053
20,22,PHI,LA,LA,-2.524392
20,23,PHI,LA,LA,-0.067573
20,24,PHI,LA,PHI,0.5191693
20,25,PHI,LA,PHI,-0.12908313
20,26,PHI,LA,PHI,-0.83371925
20,27,PHI,LA,PHI,-2.2823653
20,28,PHI,LA,PHI,-0.072555035
20,29,PHI,LA,LA,-0.6089124
20,30,PHI,LA,LA,1.0121014
20,31,PHI,LA,LA,2.1588533
20,32,PHI,LA,LA,-0.40252942
20,33,PHI,LA,PHI,1.1314694
20,34,PHI,LA,PHI,-0.5473248
20,35,PHI,LA,PHI,-0.1603851
20,36,PHI,LA,PHI,5.817439
20,37,PHI,LA,PHI,0.067573
20,38,PHI,LA,LA,-0.27667344
20,39,PHI,LA,LA,0.29126152
20,40,PHI,LA,LA,-3.6427467
20,41,PHI,LA,LA,0.0
20,42,PHI,LA,LA,1.0821292
20,43,PHI,LA,LA,-0.22836602
20,44,PHI,LA,LA,-0.7797289
20,45,PHI,LA,LA,1.6640484
20,46,PHI,LA,LA,-0.1637028
20,47,PHI,LA,PHI,1.0791035
20,48,PHI,LA,PHI,-0.45419145
20,49,PHI,LA,PHI,0.013700864
20,50,PHI,LA,PHI,1.1220809
20,51,PHI,LA,PHI,0.18730555
20,52,PHI,LA,PHI,0.60646296
20,53,PHI,LA,PHI,-0.37599447
20,54,PHI,LA,PHI,-0.6640822
20,55,PHI,LA,PHI,-2.6435032
20,56,PHI,LA,PHI,-0.011832789
20,57,PHI,LA,LA,-0.5808747
20,58,PHI,LA,LA,-1.1171285
20,59,PHI,LA,LA,0.4909015
20,60,PHI,LA,LA,-0.8372873
20,61,PHI,LA,LA,2.2362041
20,62,PHI,LA,LA,-0.31354094
20,63,PHI,LA,PHI,-0.48129934
20,64,PHI,LA,PHI,-0.40288872
20,65,PHI,LA,PHI,-0.50294006
20,66,PHI,LA,PHI,2.1245513
20,67,PHI,LA,PHI,0.73770726
20,68,PHI,LA,PHI,0.328979
20,69,PHI,LA,PHI,-0.2893291
20,70,PHI,LA,PHI,1.1302521
20,71,PHI,LA,PHI,0.36775336
20,72,PHI,LA,PHI,-0.36443928
20,73,PHI,LA,PHI,0.2544773
20,74,PHI,LA,PHI,-0.11827393
20,75,PHI,LA,PHI,-2.4147227
20,76,PHI,LA,PHI,-0.35652512
20,77,PHI,LA,LA,-0.25781915
20,78,PHI,LA,LA,0.5973005
20,79,PHI,LA,LA,0.49716496
20,80,PHI,LA,LA,0.9174176
20,81,PHI,LA,LA,-0.24201263
20,82,PHI,LA,PHI,0.21602571
20,83,PHI,LA,PHI,-0.91190195
20,84,PHI,LA,PHI,-1.6030953
20,85,PHI,LA,PHI,0.6475342
20,86,PHI,LA,LA,-0.33133554
20,87,PHI,LA,LA,0.82429594
20,88,PHI,LA,LA,-2.9184098
20,89,PHI,LA,LA,-1.9899781
20,90,PHI,LA,LA,1.3877996
20,91,PHI,LA,LA,0.59817785
20,92,PHI,LA,LA,0.6157329
20,93,PHI,LA,LA,-0.2766742
20,94,PHI,LA,PHI,0.32957566
20,95,PHI,LA,PHI,-0.51154834
20,96,PHI,LA,PHI,-0.39962438
20,97,PHI,LA,PHI,3.0353653
20,98,PHI,LA,PHI,0.14851598
20,99,PHI,LA,PHI,0.7752107
20,100,PHI,LA,PHI,-0.4588915
20,101,PHI,LA,PHI,-0.83797854
20,102,PHI,LA,PHI,-0.9347882
20,103,PHI,LA,PHI,-0.6318787
20,104,PHI,LA,PHI,1.0795246
20,105,PHI,LA,LA,-0.2797984
20,106,PHI,LA,LA,0.5361972
20,107,PHI,LA,LA,-0.32798177
20,108,PHI,LA,LA,1.6595875
20,109,PHI,LA,LA,-0.5887425
20,110,PHI,LA,PHI,-0.3593051
20,111,PHI,LA,PHI,-1.7305055
20,112,PHI,LA,LA,-0.51675236
20,113,PHI,LA,LA,-0.69335175
20,114,PHI,LA,LA,0.0
20,115,PHI,LA,LA,7.2948017
20,116,PHI,LA,PHI,0.8071591
20,117,PHI,LA,PHI,-0.82574433
20,118,PHI,LA,PHI,-0.46056148
20,119,PHI,LA,PHI,-1.7297115
20,120,PHI,LA,PHI,0.056077007
20,121,PHI,LA,LA,-0.25964117
20,122,PHI,LA,LA,0.13600823
20,123,PHI,LA,LA,1.0900662
20,124,PHI,LA,LA,-2.2356353
20,125,PHI,LA,LA,0.4849828
20,126,PHI,LA,LA,0.83141756
20,127,PHI,LA,LA,4.4038944
20,128,PHI,LA,PHI,-0.4306836
20,129,PHI,LA,PHI,-0.17756769
20,130,PHI,LA,PHI,-1.3906617
20,131,PHI,LA,PHI,2.9590914
20,132,PHI,LA,PHI,-0.7576514
20,133,PHI,LA,PHI,0.30631727
20,134,PHI,LA,PHI,-1.453378
20,135,PHI,LA,PHI,0.4485499
20,136,PHI,LA,LA,-0.35210618
20,137,PHI,LA,LA,1.4926007
20,138,PHI,LA,LA,-0.25046477
20,139,PHI,LA,LA,1.1274297
20,140,PHI,LA,LA,-0.42985117
20,141,PHI,LA,PHI,6.4313955
20,142,PHI,LA,PHI,-0.932427
20,143,PHI,LA,LA,-0.4031346
20,144,PHI,LA,LA,-1.2185124
20,145,PHI,LA,LA,0.4862965
20,146,PHI,LA,LA,-1.2286532
20,147,PHI,LA,LA,0.41979933
20,148,PHI,LA,LA,-1.4817926
20,149,PHI,LA,LA,-0.50467086
20,150,PHI,LA,LA,-1.3673525
20,151,PHI,LA,LA,0.82057977
20,152,PHI,LA,LA,0.9949848
20,153,PHI,LA,LA,-2.633841
20,154,PHI,LA,LA,-0.067573
20,155,PHI,LA,PHI,0.36166808
20,156,PHI,LA,PHI,-0.24247247
20,157,PHI,LA,PHI,-1.5145491
20,158,PHI,LA,PHI,-0.48035148
20,159,PHI,LA,PHI,-0.06997499
20,160,PHI,LA,LA,-0.007931024
20,161,PHI,LA,LA,-0.41197476
20,162,PHI,LA,LA,0.45021483
20,163,PHI,LA,LA,0.36223653
20,164,PHI,LA,LA,-1.1806809
20,165,PHI,LA,LA,-2.2023401
20,166,PHI,LA,LA,0.13500957
20,167,PHI,LA,LA,0.72904336
20,168,PHI,LA,LA,-0.9508557
20,169,PHI,LA,LA,1.8778765
20,170,PHI,LA,LA,2.172808
20,171,PHI,LA,PHI,0.0
20,172,PHI,LA,PHI,NULL
21,1,PHI,WAS,WAS,-0.25781915
21,2,PHI,WAS,WAS,0.4430089
21,3,PHI,WAS,WAS,0.39886317
21,4,PHI,WAS,WAS,-1.6970978
21,5,PHI,WAS,WAS,0.5135015
21,6,PHI,WAS,WAS,0.43542925
21,7,PHI,WAS,WAS,-1.7122754
21,8,PHI,WAS,WAS,0.017715061
21,9,PHI,WAS,WAS,0.85009587
21,10,PHI,WAS,WAS,1.7535224
21,11,PHI,WAS,WAS,-3.451743
21,12,PHI,WAS,WAS,-0.12596326
21,13,PHI,WAS,WAS,0.18005913
21,14,PHI,WAS,WAS,1.3867536
21,15,PHI,WAS,WAS,-2.3484404
21,16,PHI,WAS,WAS,0.412224
21,17,PHI,WAS,WAS,0.5903602
21,18,PHI,WAS,WAS,0.6586733
21,19,PHI,WAS,WAS,-0.27664533
21,20,PHI,WAS,PHI,0.93453515
21,21,PHI,WAS,PHI,4.658833
21,22,PHI,WAS,PHI,0.067573
21,23,PHI,WAS,WAS,-0.09596511
21,24,PHI,WAS,WAS,0.07858557
21,25,PHI,WAS,WAS,-0.39099467
21,26,PHI,WAS,WAS,-0.47754776
21,27,PHI,WAS,WAS,4.811402
21,28,PHI,WAS,PHI,-0.49789235
21,29,PHI,WAS,PHI,1.1481096
21,30,PHI,WAS,PHI,1.2927551
21,31,PHI,WAS,PHI,-0.23952457
21,32,PHI,WAS,PHI,1.3164021
21,33,PHI,WAS,PHI,0.92000616
21,34,PHI,WAS,PHI,0.067573
21,35,PHI,WAS,WAS,-0.0923987
21,36,PHI,WAS,WAS,0.36506382
21,37,PHI,WAS,WAS,0.49618584
21,38,PHI,WAS,WAS,1.2989038
21,39,PHI,WAS,WAS,-3.9842155
21,40,PHI,WAS,WAS,1.2032207
21,41,PHI,WAS,WAS,-2.4605975
21,42,PHI,WAS,WAS,0.4227953
21,43,PHI,WAS,WAS,0.0
21,44,PHI,WAS,WAS,0.6379888
21,45,PHI,WAS,WAS,1.1663016
21,46,PHI,WAS,WAS,-1.1829834
21,47,PHI,WAS,PHI,0.29071078
21,48,PHI,WAS,PHI,-1.1046066
21,49,PHI,WAS,PHI,1.7909093
21,50,PHI,WAS,PHI,-0.4767831
21,51,PHI,WAS,PHI,-0.5946418
21,52,PHI,WAS,PHI,0.031419944
21,53,PHI,WAS,PHI,2.1215029
21,54,PHI,WAS,PHI,-0.52487856
21,55,PHI,WAS,PHI,0.70959425
21,56,PHI,WAS,PHI,0.4521483
21,57,PHI,WAS,PHI,-0.09917234
21,58,PHI,WAS,PHI,-0.72601485
21,59,PHI,WAS,PHI,-2.2760587
21,60,PHI,WAS,PHI,-3.101566
21,61,PHI,WAS,WAS,-0.31041574
21,62,PHI,WAS,WAS,-0.3670987
21,63,PHI,WAS,WAS,-0.52748716
21,64,PHI,WAS,WAS,0.6501997
21,65,PHI,WAS,WAS,-4.128736
21,66,PHI,WAS,WAS,0.947
21,67,PHI,WAS,PHI,0.07566748
21,68,PHI,WAS,PHI,0.66650635
21,69,PHI,WAS,PHI,-0.39141166
21,70,PHI,WAS,PHI,0.19621193
21,71,PHI,WAS,PHI,-0.46241704
21,72,PHI,WAS,PHI,1.1338035
21,73,PHI,WAS,PHI,-0.39466256
21,74,PHI,WAS,PHI,0.09898503
21,75,PHI,WAS,PHI,-1.5256193
21,76,PHI,WAS,PHI,4.42502
21,77,PHI,WAS,PHI,-0.4791864
21,78,PHI,WAS,PHI,-0.70985013
21,79,PHI,WAS,PHI,-0.51921725
21,80,PHI,WAS,PHI,3.2658277
21,81,PHI,WAS,PHI,0.73718363
21,82,PHI,WAS,PHI,-0.947
21,83,PHI,WAS,WAS,4.4696794
21,84,PHI,WAS,PHI,0.59311944
21,85,PHI,WAS,PHI,-0.9369796
21,86,PHI,WAS,PHI,-0.31995782
21,87,PHI,WAS,PHI,1.5322472
21,88,PHI,WAS,PHI,0.29579228
21,89,PHI,WAS,PHI,-1.3865451
21,90,PHI,WAS,PHI,3.4421134
21,91,PHI,WAS,PHI,0.067573
21,92,PHI,WAS,WAS,-0.059680603
21,93,PHI,WAS,WAS,-0.0456283
21,94,PHI,WAS,WAS,-0.13231114
21,95,PHI,WAS,WAS,-0.25338572
21,96,PHI,WAS,WAS,-0.74330425
21,97,PHI,WAS,WAS,-0.93032813
21,98,PHI,WAS,WAS,-0.5522152
21,99,PHI,WAS,PHI,-0.00049197674
21,100,PHI,WAS,PHI,0.3705693
21,101,PHI,WAS,PHI,-0.8811892
21,102,PHI,WAS,PHI,-1.8079443
21,103,PHI,WAS,PHI,0.0006838073
21,104,PHI,WAS,PHI,-0.06848974
21,105,PHI,WAS,WAS,0.5174301
21,106,PHI,WAS,WAS,1.9162939
21,107,PHI,WAS,WAS,0.6498589
21,108,PHI,WAS,WAS,0.33522344
21,109,PHI,WAS,PHI,0.9321967
21,110,PHI,WAS,PHI,0.3324019
21,111,PHI,WAS,PHI,1.5980878
21,112,PHI,WAS,PHI,1.6307796
21,113,PHI,WAS,PHI,0.067573
21,114,PHI,WAS,WAS,-0.2927412
21,115,PHI,WAS,WAS,-0.78781396
21,116,PHI,WAS,WAS,-0.38114256
21,117,PHI,WAS,WAS,-1.4978315
21,118,PHI,WAS,WAS,0.056359433
21,119,PHI,WAS,WAS,-0.8101992
21,120,PHI,WAS,WAS,-0.39494795
21,121,PHI,WAS,WAS,0.23270632
21,122,PHI,WAS,WAS,-2.2564144
21,123,PHI,WAS,WAS,-1.053
21,124,PHI,WAS,PHI,0.36532238
21,125,PHI,WAS,PHI,0.09385714
21,126,PHI,WAS,PHI,-0.87129295
21,127,PHI,WAS,PHI,1.8356932
21,128,PHI,WAS,PHI,0.5591744
21,129,PHI,WAS,PHI,-0.52967113
21,130,PHI,WAS,PHI,-0.24706472
21,131,PHI,WAS,PHI,-2.2803078
21,132,PHI,WAS,PHI,-0.82730436
21,133,PHI,WAS,WAS,-1.1422662
21,134,PHI,WAS,WAS,0.5015113
21,135,PHI,WAS,WAS,0.8247724
21,136,PHI,WAS,WAS,-2.1481652
21,137,PHI,WAS,WAS,5.215462
21,138,PHI,WAS,PHI,1.1635358
21,139,PHI,WAS,PHI,0.0
21,140,PHI,WAS,PHI,0.82752603
21,141,PHI,WAS,PHI,1.7089887
21,142,PHI,WAS,PHI,-0.003623735
21,143,PHI,WAS,PHI,-0.24529947
21,144,PHI,WAS,PHI,-0.0028869733
21,145,PHI,WAS,PHI,-0.00623337
21,146,PHI,WAS,PHI,-0.0030834975
21,147,PHI,WAS,PHI,0.8036413
21,148,PHI,WAS,PHI,0.067573
21,149,PHI,WAS,WAS,-0.25609863
21,150,PHI,WAS,WAS,0.53200096
21,151,PHI,WAS,WAS,0.71698004
21,152,PHI,WAS,WAS,0.84681344
21,153,PHI,WAS,WAS,-2.804715
21,154,PHI,WAS,WAS,0.4812198
21,155,PHI,WAS,WAS,1.1005436
21,156,PHI,WAS,WAS,1.1460341
21,157,PHI,WAS,WAS,3.0990279
21,158,PHI,WAS,PHI,0.26028994
21,159,PHI,WAS,PHI,-0.6287899
21,160,PHI,WAS,PHI,1.817766
21,161,PHI,WAS,PHI,0.15795156
21,162,PHI,WAS,PHI,1.5288137
21,163,PHI,WAS,PHI,0.067573
21,164,PHI,WAS,WAS,-0.477888
21,165,PHI,WAS,WAS,-0.6958802
21,166,PHI,WAS,WAS,-0.09888618
21,167,PHI,WAS,WAS,-0.49704587
21,168,PHI,WAS,WAS,0.4301393
21,169,PHI,WAS,WAS,-0.516212
21,170,PHI,WAS,WAS,0.4054544
21,171,PHI,WAS,WAS,0.33430448
21,172,PHI,WAS,WAS,-1.6436974
21,173,PHI,WAS,WAS,0.40370134
21,174,PHI,WAS,WAS,0.66611576
21,175,PHI,WAS,WAS,3.3560207
21,176,PHI,WAS,PHI,1.1327231
21,177,PHI,WAS,PHI,3.5651028
21,178,PHI,WAS,PHI,-0.03792479
21,179,PHI,WAS,PHI,0.5546345
21,180,PHI,WAS,PHI,1.2411221
21,181,PHI,WAS,PHI,0.067573
21,182,PHI,WAS,WAS,-0.35032883
21,183,PHI,WAS,WAS,0.23258181
21,184,PHI,WAS,WAS,0.2303268
21,185,PHI,WAS,WAS,0.7225504
21,186,PHI,WAS,WAS,2.747494
21,187,PHI,WAS,PHI,-0.65012205
21,188,PHI,WAS,PHI,-2.1062396
21,189,PHI,WAS,PHI,NULL
22,1,PHI,KC,PHI,0.27495593
22,2,PHI,KC,PHI,-0.08355056
22,3,PHI,KC,PHI,0.8776903
22,4,PHI,KC,PHI,-0.2113183
22,5,PHI,KC,PHI,-1.4700431
22,6,PHI,KC,PHI,-0.44478595
22,7,PHI,KC,PHI,-0.9902702
22,8,PHI,KC,PHI,0.81165856
22,9,PHI,KC,KC,-0.5312549
22,10,PHI,KC,KC,0.58245623
22,11,PHI,KC,KC,0.7603627
22,12,PHI,KC,KC,1.3840787
22,13,PHI,KC,KC,-0.5935918
22,14,PHI,KC,PHI,-0.43538216
22,15,PHI,KC,PHI,1.9695411
22,16,PHI,KC,PHI,-0.37671012
22,17,PHI,KC,PHI,-0.53581005
22,18,PHI,KC,PHI,2.3139875
22,19,PHI,KC,PHI,-0.79083914
22,20,PHI,KC,PHI,2.951065
22,21,PHI,KC,PHI,0.5295088
22,22,PHI,KC,PHI,0.051171567
22,23,PHI,KC,KC,-0.45904133
22,24,PHI,KC,KC,0.016862385
22,25,PHI,KC,KC,0.5463459
22,26,PHI,KC,KC,1.7026453
22,27,PHI,KC,KC,0.007360411
22,28,PHI,KC,PHI,-0.6233749
22,29,PHI,KC,PHI,-0.7923913
22,30,PHI,KC,PHI,2.0910969
22,31,PHI,KC,PHI,1.0257714
22,32,PHI,KC,PHI,0.79898155
22,33,PHI,KC,PHI,0.099951655
22,34,PHI,KC,PHI,-0.21243848
22,35,PHI,KC,PHI,-0.38118973
22,36,PHI,KC,PHI,1.3125961
22,37,PHI,KC,PHI,-1.3117088
22,38,PHI,KC,PHI,0.0
22,39,PHI,KC,PHI,0.09411043
22,40,PHI,KC,PHI,-2.5085425
22,41,PHI,KC,KC,0.45247158
22,42,PHI,KC,KC,-0.089227125
22,43,PHI,KC,KC,1.5099313
22,44,PHI,KC,KC,0.033896428
22,45,PHI,KC,PHI,-0.7574796
22,46,PHI,KC,PHI,-0.3052745
22,47,PHI,KC,PHI,2.736637
22,48,PHI,KC,PHI,-0.36426213
22,49,PHI,KC,PHI,-0.18818174
22,50,PHI,KC,PHI,-1.1547159
22,51,PHI,KC,PHI,-0.42613545
22,52,PHI,KC,PHI,1.2319458
22,53,PHI,KC,KC,-0.20289263
22,54,PHI,KC,KC,1.0536792
22,55,PHI,KC,KC,1.0546908
22,56,PHI,KC,KC,6.6472616
22,57,PHI,KC,PHI,0.051171567
22,58,PHI,KC,KC,-0.30400956
22,59,PHI,KC,KC,1.2209308
22,60,PHI,KC,KC,0.04219341
22,61,PHI,KC,KC,1.9305773
22,62,PHI,KC,KC,0.120385185
22,63,PHI,KC,PHI,0.6670659
22,64,PHI,KC,PHI,-0.2470975
22,65,PHI,KC,PHI,-0.4107935
22,66,PHI,KC,PHI,-0.9544692
22,67,PHI,KC,PHI,1.5242981
22,68,PHI,KC,PHI,-0.28582388
22,69,PHI,KC,PHI,0.28425014
22,70,PHI,KC,PHI,-1.6879232
22,71,PHI,KC,PHI,0.0
22,72,PHI,KC,PHI,-0.47470418
22,73,PHI,KC,KC,4.924831
22,74,PHI,KC,PHI,-0.54589033
22,75,PHI,KC,PHI,2.6843662
22,76,PHI,KC,PHI,0.051171567
22,77,PHI,KC,KC,-0.35794926
22,78,PHI,KC,KC,0.8121702
22,79,PHI,KC,KC,0.44348583
22,80,PHI,KC,KC,0.1480149
22,81,PHI,KC,KC,0.35377464
22,82,PHI,KC,KC,0.729047
22,83,PHI,KC,PHI,-0.79560345
22,84,PHI,KC,KC,-0.27495593
22,85,PHI,KC,KC,-0.33135435
22,86,PHI,KC,KC,-0.6109873
22,87,PHI,KC,KC,0.78223866
22,88,PHI,KC,KC,1.5146718
22,89,PHI,KC,KC,0.70882404
22,90,PHI,KC,KC,-0.062394306
22,91,PHI,KC,PHI,-0.29526272
22,92,PHI,KC,PHI,-0.52372175
22,93,PHI,KC,PHI,2.0896313
22,94,PHI,KC,PHI,0.3613924
22,95,PHI,KC,PHI,0.6722454
22,96,PHI,KC,PHI,-0.16223982
22,97,PHI,KC,PHI,1.5509529
22,98,PHI,KC,PHI,1.6007267
22,99,PHI,KC,PHI,-1.0213243
22,100,PHI,KC,PHI,-0.80851114
22,101,PHI,KC,PHI,-1.2896711
22,102,PHI,KC,PHI,0.02298486
22,103,PHI,KC,PHI,0.08500625
22,104,PHI,KC,KC,-0.28731754
22,105,PHI,KC,KC,-0.6496464
22,106,PHI,KC,KC,-0.3356596
22,107,PHI,KC,KC,1.4606785
22,108,PHI,KC,KC,0.8692951
22,109,PHI,KC,KC,0.4398834
22,110,PHI,KC,KC,2.6467943
22,111,PHI,KC,PHI,4.270849
22,112,PHI,KC,PHI,0.051171567
22,113,PHI,KC,KC,1.0157732
22,114,PHI,KC,KC,-3.1807923
22,115,PHI,KC,KC,0.58786637
22,116,PHI,KC,KC,0.6641664
22,117,PHI,KC,KC,-2.2657506
22,118,PHI,KC,KC,-2.3879058
22,119,PHI,KC,KC,0.947
22,120,PHI,KC,PHI,0.25665858
22,121,PHI,KC,PHI,-0.1470994
22,122,PHI,KC,PHI,0.0
22,123,PHI,KC,PHI,1.037335
22,124,PHI,KC,PHI,-0.24696922
22,125,PHI,KC,PHI,0.9679053
22,126,PHI,KC,PHI,-0.83437365
22,127,PHI,KC,PHI,2.1160784
22,128,PHI,KC,PHI,-0.42043194
22,129,PHI,KC,PHI,-1.3824478
22,130,PHI,KC,PHI,-0.65678054
22,131,PHI,KC,PHI,1.305509
22,132,PHI,KC,KC,-0.21524681
22,133,PHI,KC,KC,5.478245
22,134,PHI,KC,PHI,0.42102206
22,135,PHI,KC,PHI,-0.88615835
22,136,PHI,KC,PHI,-1.195409
22,137,PHI,KC,PHI,-0.6454991
22,138,PHI,KC,PHI,1.4569272
22,139,PHI,KC,KC,0.0062278947
22,140,PHI,KC,KC,-0.6179286
22,141,PHI,KC,KC,-0.05266131
22,142,PHI,KC,KC,-0.4799879
22,143,PHI,KC,KC,-0.7645077
22,144,PHI,KC,KC,0.07666169
22,145,PHI,KC,KC,0.58534247
22,146,PHI,KC,KC,-0.65493184
22,147,PHI,KC,KC,-0.72617686
22,148,PHI,KC,KC,-0.50818855
22,149,PHI,KC,KC,-0.31049925
22,150,PHI,KC,KC,-0.5480252
22,151,PHI,KC,KC,1.5214492
22,152,PHI,KC,KC,-0.030853251
22,153,PHI,KC,KC,-2.8986542
22,154,PHI,KC,KC,-1.053
22,155,PHI,KC,PHI,0.8430057
22,156,PHI,KC,PHI,-0.84586936
22,157,PHI,KC,PHI,-0.3633756
22,158,PHI,KC,PHI,-0.9114463
22,159,PHI,KC,PHI,-2.720175
22,160,PHI,KC,KC,-4.2885127
22,161,PHI,KC,KC,-1.053
22,162,PHI,KC,PHI,1.1021788
22,163,PHI,KC,PHI,-0.5995919
22,164,PHI,KC,PHI,-0.43169123
22,165,PHI,KC,PHI,-0.8979235
22,166,PHI,KC,PHI,NULL
